asset,Date,Supply
eth,2017-11-09,95628319.12448
eth,2017-11-10,95648845.96823
eth,2017-11-11,95669265.74948
eth,2017-11-12,95689477.59323
eth,2017-11-13,95709898.78073
eth,2017-11-14,95729946.93698
eth,2017-11-15,95750442.37448
eth,2017-11-16,95770663.78073
eth,2017-11-17,95791028.90573
eth,2017-11-18,95811360.84323
eth,2017-11-19,95831783.62448
eth,2017-11-20,95852191.96823
eth,2017-11-21,95872585.96823
eth,2017-11-22,95893088.53073
eth,2017-11-23,95913435.56198
eth,2017-11-24,95933850.93698
eth,2017-11-25,95954161.49948
eth,2017-11-26,95974526.81198
eth,2017-11-27,95994798.56198
eth,2017-11-28,96015108.18698
eth,2017-11-29,96035533.21823
eth,2017-11-30,96055949.34323
eth,2017-12-01,96076426.03073
eth,2017-12-02,96096631.21823
eth,2017-12-03,96116967.74948
eth,2017-12-04,96137394.09323
eth,2017-12-05,96158030.53073
eth,2017-12-06,96178671.37448
eth,2017-12-07,96199580.24948
eth,2017-12-08,96220011.09323
eth,2017-12-09,96240577.21823
eth,2017-12-10,96260969.53073
eth,2017-12-11,96281299.03073
eth,2017-12-12,96301868.43698
eth,2017-12-13,96322476.65573
eth,2017-12-14,96343264.31198
eth,2017-12-15,96364094.15573
eth,2017-12-16,96384476.53073
eth,2017-12-17,96404823.46823
eth,2017-12-18,96425385.18698
eth,2017-12-19,96446016.56198
eth,2017-12-20,96466647.93698
eth,2017-12-21,96487062.74948
eth,2017-12-22,96507634.03073
eth,2017-12-23,96528469.31198
eth,2017-12-24,96548973.46823
eth,2017-12-25,96569420.34323
eth,2017-12-26,96589804.03073
eth,2017-12-27,96610337.15573
eth,2017-12-28,96630771.28073
eth,2017-12-29,96651232.49948
eth,2017-12-30,96671779.96823
eth,2017-12-31,96692234.71823
eth,2018-01-01,96712858.68698
eth,2018-01-02,96733419.74948
eth,2018-01-03,96754018.96823
eth,2018-01-04,96774982.21823
eth,2018-01-05,96795899.71823
eth,2018-01-06,96816848.62448
eth,2018-01-07,96838028.81198
eth,2018-01-08,96858632.24948
eth,2018-01-09,96879368.06198
eth,2018-01-10,96900449.99948
eth,2018-01-11,96921481.40573
eth,2018-01-12,96942398.53073
eth,2018-01-13,96963077.62448
eth,2018-01-14,96984103.49948
eth,2018-01-15,97004517.37448
eth,2018-01-16,97025404.96823
eth,2018-01-17,97046248.21823
eth,2018-01-18,97066797.28073
eth,2018-01-19,97087435.96823
eth,2018-01-20,97108196.90573
eth,2018-01-21,97128471.56198
eth,2018-01-22,97149036.18698
eth,2018-01-23,97169524.49948
eth,2018-01-24,97190099.90573
eth,2018-01-25,97210437.46823
eth,2018-01-26,97230838.49948
eth,2018-01-27,97251261.56198
eth,2018-01-28,97271824.87448
eth,2018-01-29,97292381.62448
eth,2018-01-30,97312686.56198
eth,2018-01-31,97333220.43698
eth,2018-02-01,97353767.06198
eth,2018-02-02,97374406.03073
eth,2018-02-03,97394727.74948
eth,2018-02-04,97415043.18698
eth,2018-02-05,97435676.99948
eth,2018-02-06,97456058.62448
eth,2018-02-07,97476492.37448
eth,2018-02-08,97496874.46823
eth,2018-02-09,97517146.21823
eth,2018-02-10,97537836.56198
eth,2018-02-11,97557955.96823
eth,2018-02-12,97578446.81198
eth,2018-02-13,97598891.24948
eth,2018-02-14,97618943.81198
eth,2018-02-15,97639547.34323
eth,2018-02-16,97659924.46823
eth,2018-02-17,97680472.96823
eth,2018-02-18,97700819.06198
eth,2018-02-19,97721246.43698
eth,2018-02-20,97741653.74948
eth,2018-02-21,97762324.31198
eth,2018-02-22,97782727.40573
eth,2018-02-23,97803388.40573
eth,2018-02-24,97823870.53073
eth,2018-02-25,97844089.68698
eth,2018-02-26,97864424.99948
eth,2018-02-27,97884837.74948
eth,2018-02-28,97905406.87448
eth,2018-03-01,97925794.03073
eth,2018-03-02,97946468.99948
eth,2018-03-03,97966904.81198
eth,2018-03-04,97987125.09323
eth,2018-03-05,98007442.59323
eth,2018-03-06,98027888.62448
eth,2018-03-07,98048505.56198
eth,2018-03-08,98068805.15573
eth,2018-03-09,98089180.21823
eth,2018-03-10,98109641.24948
eth,2018-03-11,98130173.81198
eth,2018-03-12,98150534.24948
eth,2018-03-13,98170915.87448
eth,2018-03-14,98191325.90573
eth,2018-03-15,98211821.71823
eth,2018-03-16,98232355.12448
eth,2018-03-17,98252768.99948
eth,2018-03-18,98273102.06198
eth,2018-03-19,98293411.96823
eth,2018-03-20,98313822.28073
eth,2018-03-21,98334114.56198
eth,2018-03-22,98354601.84323
eth,2018-03-23,98374835.53073
eth,2018-03-24,98395360.21823
eth,2018-03-25,98415690.28073
eth,2018-03-26,98436122.81198
eth,2018-03-27,98456390.71823
eth,2018-03-28,98476744.03073
eth,2018-03-29,98497146.09323
eth,2018-03-30,98517639.46823
eth,2018-03-31,98538100.31198
eth,2018-04-01,98558305.31198
eth,2018-04-02,98578770.56198
eth,2018-04-03,98599160.15573
eth,2018-04-04,98619459.84323
eth,2018-04-05,98640059.24948
eth,2018-04-06,98660492.24948
eth,2018-04-07,98680745.24948
eth,2018-04-08,98701103.34323
eth,2018-04-09,98721400.21823
eth,2018-04-10,98741932.68698
eth,2018-04-11,98762171.71823
eth,2018-04-12,98782370.43698
eth,2018-04-13,98803003.59323
eth,2018-04-14,98823389.99948
eth,2018-04-15,98843786.81198
eth,2018-04-16,98864372.15573
eth,2018-04-17,98884758.28073
eth,2018-04-18,98905009.78073
eth,2018-04-19,98925668.43698
eth,2018-04-20,98946021.18698
eth,2018-04-21,98966560.78073
eth,2018-04-22,98987011.40573
eth,2018-04-23,99007490.15573
eth,2018-04-24,99027860.90573
eth,2018-04-25,99048447.28073
eth,2018-04-26,99069249.93698
eth,2018-04-27,99089619.84323
eth,2018-04-28,99109887.84323
eth,2018-04-29,99130618.59323
eth,2018-04-30,99151166.43698
eth,2018-05-01,99171615.65573
eth,2018-05-02,99192481.68698
eth,2018-05-03,99213097.78073
eth,2018-05-04,99233690.34323
eth,2018-05-05,99254405.62448
eth,2018-05-06,99275029.96823
eth,2018-05-07,99295750.78073
eth,2018-05-08,99316126.96823
eth,2018-05-09,99336656.34323
eth,2018-05-10,99357119.24948
eth,2018-05-11,99377783.15573
eth,2018-05-12,99398394.09323
eth,2018-05-13,99418836.65573
eth,2018-05-14,99439231.12448
eth,2018-05-15,99459796.49948
eth,2018-05-16,99480231.46823
eth,2018-05-17,99500881.12448
eth,2018-05-18,99521576.71823
eth,2018-05-19,99542286.09323
eth,2018-05-20,99562943.90573
eth,2018-05-21,99583652.81198
eth,2018-05-22,99604180.49948
eth,2018-05-23,99625069.68698
eth,2018-05-24,99645420.09323
eth,2018-05-25,99666066.56198
eth,2018-05-26,99686779.59323
eth,2018-05-27,99707202.28073
eth,2018-05-28,99727874.81198
eth,2018-05-29,99748524.18698
eth,2018-05-30,99769203.84323
eth,2018-05-31,99789947.90573
eth,2018-06-01,99810507.56198
eth,2018-06-02,99831219.56198
eth,2018-06-03,99851704.21823
eth,2018-06-04,99872509.40573
eth,2018-06-05,99892853.24948
eth,2018-06-06,99913479.09323
eth,2018-06-07,99934282.59323
eth,2018-06-08,99954974.15573
eth,2018-06-09,99975789.93698
eth,2018-06-10,99996245.62448
eth,2018-06-11,100017060.28073
eth,2018-06-12,100037651.53073
eth,2018-06-13,100058182.68698
eth,2018-06-14,100078675.49948
eth,2018-06-15,100099202.81198
eth,2018-06-16,100119780.18698
eth,2018-06-17,100140202.59323
eth,2018-06-18,100160820.46823
eth,2018-06-19,100181296.40573
eth,2018-06-20,100201885.96823
eth,2018-06-21,100222343.71823
eth,2018-06-22,100242991.96823
eth,2018-06-23,100263641.15573
eth,2018-06-24,100283997.93698
eth,2018-06-25,100304533.68698
eth,2018-06-26,100325174.24948
eth,2018-06-27,100345760.34323
eth,2018-06-28,100366144.78073
eth,2018-06-29,100386520.21823
eth,2018-06-30,100407160.31198
eth,2018-07-01,100427587.59323
eth,2018-07-02,100448254.40573
eth,2018-07-03,100468746.74948
eth,2018-07-04,100489218.84323
eth,2018-07-05,100509636.84323
eth,2018-07-06,100530058.21823
eth,2018-07-07,100550579.62448
eth,2018-07-08,100570994.62448
eth,2018-07-09,100591644.65573
eth,2018-07-10,100612003.59323
eth,2018-07-11,100632678.28073
eth,2018-07-12,100653188.71823
eth,2018-07-13,100673482.21823
eth,2018-07-14,100693933.78073
eth,2018-07-15,100714546.40573
eth,2018-07-16,100734925.21823
eth,2018-07-17,100755664.03073
eth,2018-07-18,100775993.34323
eth,2018-07-19,100796423.90573
eth,2018-07-20,100816608.65573
eth,2018-07-21,100837178.43698
eth,2018-07-22,100857948.65573
eth,2018-07-23,100878384.09323
eth,2018-07-24,100898948.62448
eth,2018-07-25,100919718.18698
eth,2018-07-26,100940142.09323
eth,2018-07-27,100960655.81198
eth,2018-07-28,100981096.87448
eth,2018-07-29,101001590.15573
eth,2018-07-30,101022005.06198
eth,2018-07-31,101042599.68698
eth,2018-08-01,101063027.53073
eth,2018-08-02,101083578.28073
eth,2018-08-03,101104095.09323
eth,2018-08-04,101124697.40573
eth,2018-08-05,101145226.87448
eth,2018-08-06,101165637.18698
eth,2018-08-07,101186035.49948
eth,2018-08-08,101206594.49948
eth,2018-08-09,101227121.24948
eth,2018-08-10,101247565.87448
eth,2018-08-11,101268202.49948
eth,2018-08-12,101288554.87448
eth,2018-08-13,101308953.65573
eth,2018-08-14,101329287.28073
eth,2018-08-15,101349634.59323
eth,2018-08-16,101370062.24948
eth,2018-08-17,101390564.90573
eth,2018-08-18,101411036.24948
eth,2018-08-19,101431491.93698
eth,2018-08-20,101451938.15573
eth,2018-08-21,101472431.43698
eth,2018-08-22,101492732.81198
eth,2018-08-23,101513076.65573
eth,2018-08-24,101533810.68698
eth,2018-08-25,101554233.93698
eth,2018-08-26,101574654.56198
eth,2018-08-27,101595197.99948
eth,2018-08-28,101615586.09323
eth,2018-08-29,101635856.34323
eth,2018-08-30,101656344.74948
eth,2018-08-31,101676775.68698
eth,2018-09-01,101697161.62448
eth,2018-09-02,101717661.56198
eth,2018-09-03,101737989.09323
eth,2018-09-04,101758533.37448
eth,2018-09-05,101778862.87448
eth,2018-09-06,101799428.62448
eth,2018-09-07,101819646.93698
eth,2018-09-08,101839936.68698
eth,2018-09-09,101860203.56198
eth,2018-09-10,101880640.31198
eth,2018-09-11,101900885.43698
eth,2018-09-12,101921288.62448
eth,2018-09-13,101941711.40573
eth,2018-09-14,101962143.37448
eth,2018-09-15,101982580.40573
eth,2018-09-16,102003089.53073
eth,2018-09-17,102023565.84323
eth,2018-09-18,102043747.49948
eth,2018-09-19,102064296.37448
eth,2018-09-20,102084720.65573
eth,2018-09-21,102105440.06198
eth,2018-09-22,102125761.59323
eth,2018-09-23,102146083.87448
eth,2018-09-24,102166426.12448
eth,2018-09-25,102186844.12448
eth,2018-09-26,102207447.28073
eth,2018-09-27,102227961.65573
eth,2018-09-28,102248376.65573
eth,2018-09-29,102268616.34323
eth,2018-09-30,102289127.43698
eth,2018-10-01,102309429.84323
eth,2018-10-02,102329944.03073
eth,2018-10-03,102350237.24948
eth,2018-10-04,102370609.12448
eth,2018-10-05,102390786.18698
eth,2018-10-06,102411278.15573
eth,2018-10-07,102431799.46823
eth,2018-10-08,102452224.40573
eth,2018-10-09,102472577.34323
eth,2018-10-10,102492939.09323
eth,2018-10-11,102513424.40573
eth,2018-10-12,102533808.46823
eth,2018-10-13,102554245.59323
eth,2018-10-14,102574706.90573
eth,2018-10-15,102595024.03073
eth,2018-10-16,102615404.99948
eth,2018-10-17,102635802.28073
eth,2018-10-18,102656241.74948
eth,2018-10-19,102676535.34323
eth,2018-10-20,102696985.31198
eth,2018-10-21,102717340.03073
eth,2018-10-22,102737590.68698
eth,2018-10-23,102758166.56198
eth,2018-10-24,102778549.59323
eth,2018-10-25,102798796.21823
eth,2018-10-26,102819296.06198
eth,2018-10-27,102839541.09323
eth,2018-10-28,102859850.15573
eth,2018-10-29,102880246.21823
eth,2018-10-30,102900417.46823
eth,2018-10-31,102920922.56198
eth,2018-11-01,102941161.78073
eth,2018-11-02,102961301.43698
eth,2018-11-03,102981481.78073
eth,2018-11-04,103001764.87448
eth,2018-11-05,103022158.96823
eth,2018-11-06,103042410.74948
eth,2018-11-07,103062892.21823
eth,2018-11-08,103083125.62448
eth,2018-11-09,103103372.90573
eth,2018-11-10,103123789.03073
eth,2018-11-11,103144099.12448
eth,2018-11-12,103164409.40573
eth,2018-11-13,103184681.71823
eth,2018-11-14,103204800.84323
eth,2018-11-15,103224808.03073
eth,2018-11-16,103245086.90573
eth,2018-11-17,103265107.31198
eth,2018-11-18,103285316.53073
eth,2018-11-19,103305230.06198
eth,2018-11-20,103325245.68698
eth,2018-11-21,103345472.62448
eth,2018-11-22,103365408.65573
eth,2018-11-23,103385530.03073
eth,2018-11-24,103405536.28073
eth,2018-11-25,103425554.99948
eth,2018-11-26,103445602.03073
eth,2018-11-27,103465351.40573
eth,2018-11-28,103485244.68698
eth,2018-11-29,103505344.68698
eth,2018-11-30,103525266.46823
eth,2018-12-01,103545029.53073
eth,2018-12-02,103564659.74948
eth,2018-12-03,103584257.99948
eth,2018-12-04,103603918.49948
eth,2018-12-05,103623626.81198
eth,2018-12-06,103643369.06198
eth,2018-12-07,103662859.87448
eth,2018-12-08,103682399.62448
eth,2018-12-09,103701976.87448
eth,2018-12-10,103722004.96823
eth,2018-12-11,103741364.53073
eth,2018-12-12,103760970.84323
eth,2018-12-13,103780735.21823
eth,2018-12-14,103800147.93698
eth,2018-12-15,103819961.71823
eth,2018-12-16,103839487.96823
eth,2018-12-17,103858553.53073
eth,2018-12-18,103877422.12448
eth,2018-12-19,103896218.24948
eth,2018-12-20,103915024.68698
eth,2018-12-21,103933854.28073
eth,2018-12-22,103952892.74948
eth,2018-12-23,103971762.18698
eth,2018-12-24,103990807.21823
eth,2018-12-25,104009886.65573
eth,2018-12-26,104029131.09323
eth,2018-12-27,104048066.90573
eth,2018-12-28,104067047.06198
eth,2018-12-29,104086202.43698
eth,2018-12-30,104105049.84323
eth,2018-12-31,104124050.71823
eth,2019-01-01,104142768.46823
eth,2019-01-02,104161888.12448
eth,2019-01-03,104179821.37448
eth,2019-01-04,104197653.28073
eth,2019-01-05,104215675.40573
eth,2019-01-06,104233482.74948
eth,2019-01-07,104251524.37448
eth,2019-01-08,104269302.28073
eth,2019-01-09,104287324.78073
eth,2019-01-10,104305171.59323
eth,2019-01-11,104322969.18698
eth,2019-01-12,104340667.68698
eth,2019-01-13,104358625.03073
eth,2019-01-14,104376633.93698
eth,2019-01-15,104394554.34323
eth,2019-01-16,104412158.15573
eth,2019-01-17,104429862.28073
eth,2019-01-18,104447654.99948
eth,2019-01-19,104465664.56198
eth,2019-01-20,104483428.78073
eth,2019-01-21,104499569.90573
eth,2019-01-22,104515654.68698
eth,2019-01-23,104531413.03073
eth,2019-01-24,104547493.49948
eth,2019-01-25,104563573.59323
eth,2019-01-26,104579578.12448
eth,2019-01-27,104595424.31198
eth,2019-01-28,104610841.03073
eth,2019-01-29,104626304.81198
eth,2019-01-30,104641860.18698
eth,2019-01-31,104657513.62448
eth,2019-02-01,104672814.28073
eth,2019-02-02,104688425.90573
eth,2019-02-03,104703652.03073
eth,2019-02-04,104719046.71823
eth,2019-02-05,104734465.49948
eth,2019-02-06,104749767.84323
eth,2019-02-07,104765166.46823
eth,2019-02-08,104780637.74948
eth,2019-02-09,104795984.81198
eth,2019-02-10,104809355.15573
eth,2019-02-11,104822486.24948
eth,2019-02-12,104835850.03073
eth,2019-02-13,104848904.90573
eth,2019-02-14,104861988.37448
eth,2019-02-15,104875052.34323
eth,2019-02-16,104888333.81198
eth,2019-02-17,104901323.15573
eth,2019-02-18,104914620.93698
eth,2019-02-19,104928151.40573
eth,2019-02-20,104941570.87448
eth,2019-02-21,104954910.56198
eth,2019-02-22,104968202.62448
eth,2019-02-23,104981854.59323
eth,2019-02-24,104995212.74948
eth,2019-02-25,105008584.40573
eth,2019-02-26,105022102.87448
eth,2019-02-27,105035616.56198
eth,2019-02-28,105048571.40573
eth,2019-03-01,105061441.03073
eth,2019-03-02,105075075.90573
eth,2019-03-03,105088673.59323
eth,2019-03-04,105102318.84323
eth,2019-03-05,105116071.71823
eth,2019-03-06,105129637.53073
eth,2019-03-07,105143309.53073
eth,2019-03-08,105156930.53073
eth,2019-03-09,105170461.03073
eth,2019-03-10,105184305.65573
eth,2019-03-11,105197819.96823
eth,2019-03-12,105211479.21823
eth,2019-03-13,105225067.03073
eth,2019-03-14,105238690.34323
eth,2019-03-15,105252247.40573
eth,2019-03-16,105266061.21823
eth,2019-03-17,105279633.71823
eth,2019-03-18,105293114.15573
eth,2019-03-19,105306734.90573
eth,2019-03-20,105320490.90573
eth,2019-03-21,105334073.40573
eth,2019-03-22,105347683.40573
eth,2019-03-23,105361399.40573
eth,2019-03-24,105375024.90573
eth,2019-03-25,105388658.03073
eth,2019-03-26,105402211.84323
eth,2019-03-27,105415947.90573
eth,2019-03-28,105429546.28073
eth,2019-03-29,105443085.21823
eth,2019-03-30,105456676.53073
eth,2019-03-31,105470335.71823
eth,2019-04-01,105484031.28073
eth,2019-04-02,105497650.59323
eth,2019-04-03,105511202.53073
eth,2019-04-04,105524933.71823
eth,2019-04-05,105538575.78073
eth,2019-04-06,105552184.59323
eth,2019-04-07,105565861.28073
eth,2019-04-08,105579580.03073
eth,2019-04-09,105593212.78073
eth,2019-04-10,105606943.84323
eth,2019-04-11,105620509.34323
eth,2019-04-12,105634095.34323
eth,2019-04-13,105647795.03073
eth,2019-04-14,105661432.59323
eth,2019-04-15,105675141.78073
eth,2019-04-16,105688801.09323
eth,2019-04-17,105702375.03073
eth,2019-04-18,105715972.96823
eth,2019-04-19,105729673.28073
eth,2019-04-20,105743285.84323
eth,2019-04-21,105757007.71823
eth,2019-04-22,105770660.78073
eth,2019-04-23,105784200.65573
eth,2019-04-24,105797801.90573
eth,2019-04-25,105811485.53073
eth,2019-04-26,105825242.96823
eth,2019-04-27,105838930.34323
eth,2019-04-28,105852531.65573
eth,2019-04-29,105866212.78073
eth,2019-04-30,105879861.53073
eth,2019-05-01,105893550.65573
eth,2019-05-02,105907195.21823
eth,2019-05-03,105920677.65573
eth,2019-05-04,105934506.90573
eth,2019-05-05,105948142.28073
eth,2019-05-06,105961710.09323
eth,2019-05-07,105975331.65573
eth,2019-05-08,105988904.78073
eth,2019-05-09,106002516.90573
eth,2019-05-10,106016244.21823
eth,2019-05-11,106029838.84323
eth,2019-05-12,106043527.65573
eth,2019-05-13,106057082.09323
eth,2019-05-14,106070801.40573
eth,2019-05-15,106084542.34323
eth,2019-05-16,106098122.15573
eth,2019-05-17,106111904.46823
eth,2019-05-18,106125475.59323
eth,2019-05-19,106139067.15573
eth,2019-05-20,106152571.40573
eth,2019-05-21,106166086.59323
eth,2019-05-22,106179746.65573
eth,2019-05-23,106193281.96823
eth,2019-05-24,106206881.65573
eth,2019-05-25,106220650.03073
eth,2019-05-26,106234302.59323
eth,2019-05-27,106247887.03073
eth,2019-05-28,106261396.59323
eth,2019-05-29,106275239.15573
eth,2019-05-30,106288632.65573
eth,2019-05-31,106302384.96823
eth,2019-06-01,106316018.84323
eth,2019-06-02,106329552.09323
eth,2019-06-03,106343050.78073
eth,2019-06-04,106356619.40573
eth,2019-06-05,106370285.40573
eth,2019-06-06,106383985.34323
eth,2019-06-07,106397498.71823
eth,2019-06-08,106410980.03073
eth,2019-06-09,106424475.09323
eth,2019-06-10,106438231.28073
eth,2019-06-11,106451789.28073
eth,2019-06-12,106465361.28073
eth,2019-06-13,106478933.21823
eth,2019-06-14,106492556.84323
eth,2019-06-15,106506153.21823
eth,2019-06-16,106519848.96823
eth,2019-06-17,106533488.09323
eth,2019-06-18,106546962.09323
eth,2019-06-19,106560528.34323
eth,2019-06-20,106574156.09323
eth,2019-06-21,106587625.59323
eth,2019-06-22,106601328.09323
eth,2019-06-23,106614985.21823
eth,2019-06-24,106628668.40573
eth,2019-06-25,106642309.15573
eth,2019-06-26,106655977.96823
eth,2019-06-27,106669570.46823
eth,2019-06-28,106683210.15573
eth,2019-06-29,106696841.53073
eth,2019-06-30,106710476.59323
eth,2019-07-01,106724089.46823
eth,2019-07-02,106737728.46823
eth,2019-07-03,106751276.46823
eth,2019-07-04,106764907.03073
eth,2019-07-05,106778434.90573
eth,2019-07-06,106792219.28073
eth,2019-07-07,106805911.34323
eth,2019-07-08,106819573.15573
eth,2019-07-09,106833245.78073
eth,2019-07-10,106846860.90573
eth,2019-07-11,106860543.03073
eth,2019-07-12,106874040.65573
eth,2019-07-13,106887692.09323
eth,2019-07-14,106901471.78073
eth,2019-07-15,106914975.53073
eth,2019-07-16,106928521.15573
eth,2019-07-17,106942169.21823
eth,2019-07-18,106955873.96823
eth,2019-07-19,106969358.15573
eth,2019-07-20,106983064.53073
eth,2019-07-21,106996551.03073
eth,2019-07-22,107010219.28073
eth,2019-07-23,107023884.34323
eth,2019-07-24,107037548.03073
eth,2019-07-25,107051108.84323
eth,2019-07-26,107064779.40573
eth,2019-07-27,107078460.46823
eth,2019-07-28,107092025.03073
eth,2019-07-29,107105514.65573
eth,2019-07-30,107119257.59323
eth,2019-07-31,107132781.40573
eth,2019-08-01,107146313.28073
eth,2019-08-02,107160090.46823
eth,2019-08-03,107173765.53073
eth,2019-08-04,107187363.34323
eth,2019-08-05,107201011.90573
eth,2019-08-06,107214614.40573
eth,2019-08-07,107228304.71823
eth,2019-08-08,107241825.65573
eth,2019-08-09,107255365.78073
eth,2019-08-10,107269096.59323
eth,2019-08-11,107282630.28073
eth,2019-08-12,107296309.40573
eth,2019-08-13,107309873.34323
eth,2019-08-14,107323549.28073
eth,2019-08-15,107337058.96823
eth,2019-08-16,107350730.53073
eth,2019-08-17,107364376.15573
eth,2019-08-18,107377934.65573
eth,2019-08-19,107391415.71823
eth,2019-08-20,107405038.46823
eth,2019-08-21,107418668.90573
eth,2019-08-22,107432126.65573
eth,2019-08-23,107445842.09323
eth,2019-08-24,107459130.53073
eth,2019-08-25,107472943.46823
eth,2019-08-26,107486439.71823
eth,2019-08-27,107499979.90573
eth,2019-08-28,107513598.03073
eth,2019-08-29,107527351.46823
eth,2019-08-30,107540974.09323
eth,2019-08-31,107554554.84323
eth,2019-09-01,107568118.46823
eth,2019-09-02,107581748.65573
eth,2019-09-03,107595232.34323
eth,2019-09-04,107608696.65573
eth,2019-09-05,107622328.46823
eth,2019-09-06,107635890.21823
eth,2019-09-07,107649491.78073
eth,2019-09-08,107663009.40573
eth,2019-09-09,107676531.09323
eth,2019-09-10,107690027.65573
eth,2019-09-11,107703574.96823
eth,2019-09-12,107717215.34323
eth,2019-09-13,107730587.34323
eth,2019-09-14,107744211.09323
eth,2019-09-15,107757733.71823
eth,2019-09-16,107771456.03073
eth,2019-09-17,107785017.15573
eth,2019-09-18,107798713.53073
eth,2019-09-19,107812126.59323
eth,2019-09-20,107825784.34323
eth,2019-09-21,107839353.09323
eth,2019-09-22,107852819.34323
eth,2019-09-23,107866491.46823
eth,2019-09-24,107879817.59323
eth,2019-09-25,107893414.46823
eth,2019-09-26,107906894.78073
eth,2019-09-27,107920293.90573
eth,2019-09-28,107933824.59323
eth,2019-09-29,107947400.28073
eth,2019-09-30,107960845.84323
eth,2019-10-01,107974416.90573
eth,2019-10-02,107987784.78073
eth,2019-10-03,108001273.15573
eth,2019-10-04,108014799.71823
eth,2019-10-05,108028348.09323
eth,2019-10-06,108041928.03073
eth,2019-10-07,108055323.46823
eth,2019-10-08,108068687.71823
eth,2019-10-09,108082111.53073
eth,2019-10-10,108095480.71823
eth,2019-10-11,108108902.90573
eth,2019-10-12,108122216.34323
eth,2019-10-13,108135648.21823
eth,2019-10-14,108149060.34323
eth,2019-10-15,108162651.09323
eth,2019-10-16,108175986.84323
eth,2019-10-17,108189291.90573
eth,2019-10-18,108202601.71823
eth,2019-10-19,108215936.78073
eth,2019-10-20,108229314.90573
eth,2019-10-21,108242513.59323
eth,2019-10-22,108255960.09323
eth,2019-10-23,108269380.46823
eth,2019-10-24,108282581.71823
eth,2019-10-25,108295505.46823
eth,2019-10-26,108308697.15573
eth,2019-10-27,108321625.96823
eth,2019-10-28,108334773.53073
eth,2019-10-29,108347873.78073
eth,2019-10-30,108361056.53073
eth,2019-10-31,108374175.40573
eth,2019-11-01,108387409.84323
eth,2019-11-02,108400442.71823
eth,2019-11-03,108413604.65573
eth,2019-11-04,108426645.78073
eth,2019-11-05,108439774.28073
eth,2019-11-06,108452860.78073
eth,2019-11-07,108465892.15573
eth,2019-11-08,108478946.59323
eth,2019-11-09,108491828.21823
eth,2019-11-10,108504456.15573
eth,2019-11-11,108517090.90573
eth,2019-11-12,108529797.40573
eth,2019-11-13,108542472.21823
eth,2019-11-14,108555120.34323
eth,2019-11-15,108567730.78073
eth,2019-11-16,108580347.03073
eth,2019-11-17,108593043.21823
eth,2019-11-18,108605629.09323
eth,2019-11-19,108618080.90573
eth,2019-11-20,108630709.53073
eth,2019-11-21,108643479.78073
eth,2019-11-22,108656018.09323
eth,2019-11-23,108668698.09323
eth,2019-11-24,108681323.71823
eth,2019-11-25,108693750.21823
eth,2019-11-26,108705564.78073
eth,2019-11-27,108717448.59323
eth,2019-11-28,108729225.28073
eth,2019-11-29,108740981.59323
eth,2019-11-30,108752920.09323
eth,2019-12-01,108764605.34323
eth,2019-12-02,108776487.96823
eth,2019-12-03,108788341.96823
eth,2019-12-04,108800061.59323
eth,2019-12-05,108811850.28073
eth,2019-12-06,108823629.65573
eth,2019-12-07,108835463.40573
eth,2019-12-08,108847153.84323
eth,2019-12-09,108858956.78073
eth,2019-12-10,108870920.78073
eth,2019-12-11,108882598.71823
eth,2019-12-12,108894516.21823
eth,2019-12-13,108905941.03073
eth,2019-12-14,108916556.65573
eth,2019-12-15,108927236.21823
eth,2019-12-16,108937830.09323
eth,2019-12-17,108948347.28073
eth,2019-12-18,108958762.78073
eth,2019-12-19,108969176.09323
eth,2019-12-20,108979520.59323
eth,2019-12-21,108990036.34323
eth,2019-12-22,109000375.46823
eth,2019-12-23,109010723.46823
eth,2019-12-24,109021209.09323
eth,2019-12-25,109031538.21823
eth,2019-12-26,109041898.84323
eth,2019-12-27,109052324.84323
eth,2019-12-28,109062818.71823
eth,2019-12-29,109073220.28073
eth,2019-12-30,109083644.34323
eth,2019-12-31,109094014.21823
eth,2020-01-01,109104318.84323
eth,2020-01-02,109116174.53073
eth,2020-01-03,109129828.21823
eth,2020-01-04,109143552.71823
eth,2020-01-05,109157078.71823
eth,2020-01-06,109170874.84323
eth,2020-01-07,109184491.46823
eth,2020-01-08,109198099.65573
eth,2020-01-09,109211713.46823
eth,2020-01-10,109225390.65573
eth,2020-01-11,109239034.59323
eth,2020-01-12,109252686.59323
eth,2020-01-13,109266314.71823
eth,2020-01-14,109279961.09323
eth,2020-01-15,109293528.90573
eth,2020-01-16,109307143.46823
eth,2020-01-17,109320905.96823
eth,2020-01-18,109334502.15573
eth,2020-01-19,109348250.65573
eth,2020-01-20,109361835.34323
eth,2020-01-21,109375547.84323
eth,2020-01-22,109389060.78073
eth,2020-01-23,109402827.15573
eth,2020-01-24,109416404.34323
eth,2020-01-25,109429997.34323
eth,2020-01-26,109443566.90573
eth,2020-01-27,109457245.03073
eth,2020-01-28,109470810.40573
eth,2020-01-29,109484498.46823
eth,2020-01-30,109498005.15573
eth,2020-01-31,109511656.09323
eth,2020-02-01,109525181.65573
eth,2020-02-02,109538825.46823
eth,2020-02-03,109552489.59323
eth,2020-02-04,109566277.21823
eth,2020-02-05,109579846.96823
eth,2020-02-06,109593533.46823
eth,2020-02-07,109607222.84323
eth,2020-02-08,109620812.15573
eth,2020-02-09,109634378.90573
eth,2020-02-10,109648109.90573
eth,2020-02-11,109661778.59323
eth,2020-02-12,109675397.53073
eth,2020-02-13,109689027.03073
eth,2020-02-14,109702740.96823
eth,2020-02-15,109716351.03073
eth,2020-02-16,109730077.28073
eth,2020-02-17,109743658.71823
eth,2020-02-18,109757278.09323
eth,2020-02-19,109771078.15573
eth,2020-02-20,109784657.59323
eth,2020-02-21,109798221.96823
eth,2020-02-22,109811894.46823
eth,2020-02-23,109825534.71823
eth,2020-02-24,109839069.59323
eth,2020-02-25,109852596.84323
eth,2020-02-26,109866291.59323
eth,2020-02-27,109879917.15573
eth,2020-02-28,109893551.78073
eth,2020-02-29,109907154.53073
eth,2020-03-01,109920714.59323
eth,2020-03-02,109934369.21823
eth,2020-03-03,109948055.84323
eth,2020-03-04,109961778.90573
eth,2020-03-05,109975204.84323
eth,2020-03-06,109988952.71823
eth,2020-03-07,110002629.21823
eth,2020-03-08,110016354.78073
eth,2020-03-09,110029871.28073
eth,2020-03-10,110043529.21823
eth,2020-03-11,110057209.96823
eth,2020-03-12,110070841.15573
eth,2020-03-13,110084261.78073
eth,2020-03-14,110097871.59323
eth,2020-03-15,110111535.96823
eth,2020-03-16,110125140.34323
eth,2020-03-17,110138801.78073
eth,2020-03-18,110152509.40573
eth,2020-03-19,110166193.09323
eth,2020-03-20,110179802.71823
eth,2020-03-21,110193589.84323
eth,2020-03-22,110207098.65573
eth,2020-03-23,110220928.65573
eth,2020-03-24,110234517.46823
eth,2020-03-25,110248177.59323
eth,2020-03-26,110261793.65573
eth,2020-03-27,110275531.78073
eth,2020-03-28,110289119.65573
eth,2020-03-29,110302883.15573
eth,2020-03-30,110316442.40573
eth,2020-03-31,110330027.78073
eth,2020-04-01,110343772.59323
eth,2020-04-02,110357376.40573
eth,2020-04-03,110371020.46823
eth,2020-04-04,110384583.96823
eth,2020-04-05,110398174.71823
eth,2020-04-06,110411698.34323
eth,2020-04-07,110425476.21823
eth,2020-04-08,110439098.34323
eth,2020-04-09,110452719.28073
eth,2020-04-10,110466423.71823
eth,2020-04-11,110479909.71823
eth,2020-04-12,110493650.53073
eth,2020-04-13,110507341.96823
eth,2020-04-14,110520945.46823
eth,2020-04-15,110534618.65573
eth,2020-04-16,110548254.03073
eth,2020-04-17,110561806.59323
eth,2020-04-18,110575358.71823
eth,2020-04-19,110589013.21823
eth,2020-04-20,110602688.65573
eth,2020-04-21,110616267.96823
eth,2020-04-22,110629991.53073
eth,2020-04-23,110643635.90573
eth,2020-04-24,110657260.09323
eth,2020-04-25,110670857.96823
eth,2020-04-26,110684466.59323
eth,2020-04-27,110698095.46823
eth,2020-04-28,110711671.15573
eth,2020-04-29,110725418.71823
eth,2020-04-30,110739057.15573
eth,2020-05-01,110752851.90573
eth,2020-05-02,110766494.53073
eth,2020-05-03,110780060.71823
eth,2020-05-04,110793790.28073
eth,2020-05-05,110807409.65573
eth,2020-05-06,110820862.15573
eth,2020-05-07,110834498.46823
eth,2020-05-08,110848249.46823
eth,2020-05-09,110861774.53073
eth,2020-05-10,110875500.03073
eth,2020-05-11,110889120.90573
eth,2020-05-12,110902698.28073
eth,2020-05-13,110916377.46823
eth,2020-05-14,110930072.40573
eth,2020-05-15,110943660.90573
eth,2020-05-16,110957196.09323
eth,2020-05-17,110970883.34323
eth,2020-05-18,110984420.90573
eth,2020-05-19,110997938.46823
eth,2020-05-20,111011568.03073
eth,2020-05-21,111025203.15573
eth,2020-05-22,111038690.09323
eth,2020-05-23,111052504.09323
eth,2020-05-24,111066062.71823
eth,2020-05-25,111079532.53073
eth,2020-05-26,111093208.03073
eth,2020-05-27,111106816.21823
eth,2020-05-28,111120337.03073
eth,2020-05-29,111133940.09323
eth,2020-05-30,111147573.21823
eth,2020-05-31,111161256.59323
eth,2020-06-01,111174832.03073
eth,2020-06-02,111188532.84323
eth,2020-06-03,111202065.15573
eth,2020-06-04,111215605.53073
eth,2020-06-05,111229340.84323
eth,2020-06-06,111242932.28073
eth,2020-06-07,111256575.53073
eth,2020-06-08,111270135.78073
eth,2020-06-09,111283847.84323
eth,2020-06-10,111297302.46823
eth,2020-06-11,111310904.53073
eth,2020-06-12,111324600.03073
eth,2020-06-13,111338243.65573
eth,2020-06-14,111351911.46823
eth,2020-06-15,111365538.53073
eth,2020-06-16,111379074.65573
eth,2020-06-17,111392570.65573
eth,2020-06-18,111406191.65573
eth,2020-06-19,111419912.65573
eth,2020-06-20,111433541.71823
eth,2020-06-21,111447219.59323
eth,2020-06-22,111460805.90573
eth,2020-06-23,111474452.40573
eth,2020-06-24,111488130.96823
eth,2020-06-25,111501746.28073
eth,2020-06-26,111515349.53073
eth,2020-06-27,111528800.15573
eth,2020-06-28,111542541.03073
eth,2020-06-29,111556082.34323
eth,2020-06-30,111569796.46823
eth,2020-07-01,111583359.46823
eth,2020-07-02,111596924.84323
eth,2020-07-03,111610590.65573
eth,2020-07-04,111624126.03073
eth,2020-07-05,111637738.59323
eth,2020-07-06,111651361.78073
eth,2020-07-07,111665053.84323
eth,2020-07-08,111678747.09323
eth,2020-07-09,111692361.78073
eth,2020-07-10,111705857.34323
eth,2020-07-11,111719607.21823
eth,2020-07-12,111733277.59323
eth,2020-07-13,111746950.40573
eth,2020-07-14,111760498.40573
eth,2020-07-15,111774146.90573
eth,2020-07-16,111787656.53073
eth,2020-07-17,111801203.78073
eth,2020-07-18,111814945.96823
eth,2020-07-19,111828497.53073
eth,2020-07-20,111842102.21823
eth,2020-07-21,111855655.71823
eth,2020-07-22,111869234.65573
eth,2020-07-23,111883001.65573
eth,2020-07-24,111896675.71823
eth,2020-07-25,111910090.34323
eth,2020-07-26,111923785.71823
eth,2020-07-27,111937375.15573
eth,2020-07-28,111951039.21823
eth,2020-07-29,111964678.34323
eth,2020-07-30,111978157.21823
eth,2020-07-31,111991812.09323
eth,2020-08-01,112005518.65573
eth,2020-08-02,112019176.03073
eth,2020-08-03,112032845.65573
eth,2020-08-04,112046391.09323
eth,2020-08-05,112059963.90573
eth,2020-08-06,112073723.90573
eth,2020-08-07,112087353.78073
eth,2020-08-08,112100912.15573
eth,2020-08-09,112114583.21823
eth,2020-08-10,112128187.15573
eth,2020-08-11,112141807.78073
eth,2020-08-12,112155515.65573
eth,2020-08-13,112169108.53073
eth,2020-08-14,112182755.03073
eth,2020-08-15,112196341.53073
eth,2020-08-16,112209957.09323
eth,2020-08-17,112223368.03073
eth,2020-08-18,112237118.09323
eth,2020-08-19,112250781.53073
eth,2020-08-20,112264425.03073
eth,2020-08-21,112278020.90573
eth,2020-08-22,112291518.78073
eth,2020-08-23,112305261.03073
eth,2020-08-24,112318841.46823
eth,2020-08-25,112332293.03073
eth,2020-08-26,112346048.71823
eth,2020-08-27,112359613.53073
eth,2020-08-28,112373242.78073
eth,2020-08-29,112386860.09323
eth,2020-08-30,112400513.78073
eth,2020-08-31,112414301.34323
eth,2020-09-01,112427912.40573
eth,2020-09-02,112441486.21823
eth,2020-09-03,112454997.40573
eth,2020-09-04,112468858.53073
eth,2020-09-05,112482452.90573
eth,2020-09-06,112496259.03073
eth,2020-09-07,112509764.71823
eth,2020-09-08,112523378.84323
eth,2020-09-09,112536924.78073
eth,2020-09-10,112550543.90573
eth,2020-09-11,112564217.03073
eth,2020-09-12,112577777.21823
eth,2020-09-13,112591400.96823
eth,2020-09-14,112604904.21823
eth,2020-09-15,112618518.46823
eth,2020-09-16,112631975.40573
eth,2020-09-17,112645754.59323
eth,2020-09-18,112659205.65573
eth,2020-09-19,112672825.90573
eth,2020-09-20,112686544.21823
eth,2020-09-21,112700267.34323
eth,2020-09-22,112713717.90573
eth,2020-09-23,112727369.46823
eth,2020-09-24,112740961.84323
eth,2020-09-25,112754438.65573
eth,2020-09-26,112767853.78073
eth,2020-09-27,112781105.03073
eth,2020-09-28,112794411.59323
eth,2020-09-29,112807677.71823
eth,2020-09-30,112820988.96823
eth,2020-10-01,112834303.28073
eth,2020-10-02,112847586.53073
eth,2020-10-03,112860900.09323
eth,2020-10-04,112874164.65573
eth,2020-10-05,112887592.28073
eth,2020-10-06,112901020.34323
eth,2020-10-07,112914204.71823
eth,2020-10-08,112927425.71823
eth,2020-10-09,112940766.59323
eth,2020-10-10,112954288.40573
eth,2020-10-11,112967957.96823
eth,2020-10-12,112981464.09323
eth,2020-10-13,112995203.65573
eth,2020-10-14,113008813.40573
eth,2020-10-15,113022455.15573
eth,2020-10-16,113035947.40573
eth,2020-10-17,113049535.53073
eth,2020-10-18,113062917.96823
eth,2020-10-19,113076699.34323
eth,2020-10-20,113090249.90573
eth,2020-10-21,113103782.59323
eth,2020-10-22,113117401.46823
eth,2020-10-23,113130860.15573
eth,2020-10-24,113144549.59323
eth,2020-10-25,113157999.84323
eth,2020-10-26,113171470.46823
eth,2020-10-27,113185090.53073
eth,2020-10-28,113198736.96823
eth,2020-10-29,113212350.40573
eth,2020-10-30,113225819.40573
eth,2020-10-31,113239373.65573
eth,2020-11-01,113252952.59323
eth,2020-11-02,113266396.59323
eth,2020-11-03,113279951.28073
eth,2020-11-04,113293474.09323
eth,2020-11-05,113307037.21823
eth,2020-11-06,113320651.21823
eth,2020-11-07,113334174.59323
eth,2020-11-08,113347742.96823
eth,2020-11-09,113361255.09323
eth,2020-11-10,113374703.09323
eth,2020-11-11,113388257.15573
eth,2020-11-12,113401785.09323
eth,2020-11-13,113415364.15573
eth,2020-11-14,113428960.34323
eth,2020-11-15,113442557.53073
eth,2020-11-16,113456033.21823
eth,2020-11-17,113469608.90573
eth,2020-11-18,113483017.84323
eth,2020-11-19,113496765.96823
eth,2020-11-20,113510213.53073
eth,2020-11-21,113523879.78073
eth,2020-11-22,113537414.28073
eth,2020-11-23,113550886.34323
eth,2020-11-24,113564569.09323
eth,2020-11-25,113578074.90573
eth,2020-11-26,113591626.09323
eth,2020-11-27,113604975.28073
eth,2020-11-28,113618686.15573
eth,2020-11-29,113632233.96823
eth,2020-11-30,113645913.15573
eth,2020-12-01,113659637.28962427
eth,2020-12-02,113673367.70236468
eth,2020-12-03,113687338.10183863
eth,2020-12-04,113701150.48126346
eth,2020-12-05,113715051.44612584
eth,2020-12-06,113729070.57175702
eth,2020-12-07,113742885.15351816
eth,2020-12-08,113756767.414581
eth,2020-12-09,113770884.32738385
eth,2020-12-10,113784620.00170375
eth,2020-12-11,113798557.32646132
eth,2020-12-12,113812512.07134034
eth,2020-12-13,113826373.6796042
eth,2020-12-14,113840402.09196614
eth,2020-12-15,113854324.14258614
eth,2020-12-16,113868378.2788678
eth,2020-12-17,113882432.63984828
eth,2020-12-18,113896403.53700446
eth,2020-12-19,113910383.15481491
eth,2020-12-20,113924988.2478908
eth,2020-12-21,113938986.8968688
eth,2020-12-22,113952955.24281356
eth,2020-12-23,113967162.50937906
eth,2020-12-24,113981041.05232616
eth,2020-12-25,113994955.25449924
eth,2020-12-26,114009195.86560386
eth,2020-12-27,114023215.3323072
eth,2020-12-28,114037394.34512414
eth,2020-12-29,114051223.85717942
eth,2020-12-30,114065322.04695082
eth,2020-12-31,114079355.9482658
eth,2021-01-01,114093437.79937296
eth,2021-01-02,114107659.6241192
eth,2021-01-03,114121696.8626844
eth,2021-01-04,114135751.92716204
eth,2021-01-05,114149916.15282346
eth,2021-01-06,114164001.52767552
eth,2021-01-07,114177935.59232162
eth,2021-01-08,114192161.84317848
eth,2021-01-09,114206184.09273615
eth,2021-01-10,114220324.64996868
eth,2021-01-11,114234491.34013228
eth,2021-01-12,114248689.9782246
eth,2021-01-13,114262915.53581774
eth,2021-01-14,114276871.90908568
eth,2021-01-15,114291124.27394523
eth,2021-01-16,114305252.15033612
eth,2021-01-17,114319365.62495185
eth,2021-01-18,114333529.20761508
eth,2021-01-19,114347720.57902925
eth,2021-01-20,114361957.46044996
eth,2021-01-21,114376045.20779017
eth,2021-01-22,114390180.38825588
eth,2021-01-23,114404388.73433496
eth,2021-01-24,114418543.75316437
eth,2021-01-25,114432747.61961314
eth,2021-01-26,114446973.14136796
eth,2021-01-27,114461023.44302812
eth,2021-01-28,114475238.6206074
eth,2021-01-29,114489319.67611746
eth,2021-01-30,114503294.06729588
eth,2021-01-31,114517705.85218447
eth,2021-02-01,114531902.45232137
eth,2021-02-02,114546110.63370408
eth,2021-02-03,114560300.84226143
eth,2021-02-04,114574593.00113586
eth,2021-02-05,114588700.26111294
eth,2021-02-06,114602911.80480865
eth,2021-02-07,114617257.67331114
eth,2021-02-08,114631418.24778636
eth,2021-02-09,114645625.32560392
eth,2021-02-10,114659921.39350842
eth,2021-02-11,114674176.19248906
eth,2021-02-12,114688470.05293392
eth,2021-02-13,114702577.08500494
eth,2021-02-14,114716934.9066156
eth,2021-02-15,114731166.62547565
eth,2021-02-16,114745361.87830085
eth,2021-02-17,114759704.810388
eth,2021-02-18,114773889.65333748
eth,2021-02-19,114788329.15051717
eth,2021-02-20,114802591.0363146
eth,2021-02-21,114816871.04986608
eth,2021-02-22,114831134.25990903
eth,2021-02-23,114845464.62120388
eth,2021-02-24,114859706.24874929
eth,2021-02-25,114874015.0622244
eth,2021-02-26,114888395.85307148
eth,2021-02-27,114902690.76618028
eth,2021-02-28,114916939.57014044
eth,2021-03-01,114931200.17630067
eth,2021-03-02,114945641.9568904
eth,2021-03-03,114959798.9823311
eth,2021-03-04,114974202.22868381
eth,2021-03-05,114988573.53696272
eth,2021-03-06,115003021.1929501
eth,2021-03-07,115017308.27594449
eth,2021-03-08,115031662.32957508
eth,2021-03-09,115045930.52644908
eth,2021-03-10,115060314.07771511
eth,2021-03-11,115074470.62438644
eth,2021-03-12,115088800.14238603
eth,2021-03-13,115103187.76949795
eth,2021-03-14,115117661.93842895
eth,2021-03-15,115131919.38681845
eth,2021-03-16,115146303.24993183
eth,2021-03-17,115160665.02329336
eth,2021-03-18,115175023.13605444
eth,2021-03-19,115189375.619033
eth,2021-03-20,115203794.8942325
eth,2021-03-21,115217988.34709004
eth,2021-03-22,115232329.21525893
eth,2021-03-23,115246709.5689118
eth,2021-03-24,115261059.43707877
eth,2021-03-25,115275438.06403448
eth,2021-03-26,115289865.14971688
eth,2021-03-27,115304197.16392764
eth,2021-03-28,115318544.6868576
eth,2021-03-29,115332951.98525187
eth,2021-03-30,115347368.86504686
eth,2021-03-31,115361643.27299725
eth,2021-04-01,115376005.77306493
eth,2021-04-02,115390271.93813512
eth,2021-04-03,115404692.03878376
eth,2021-04-04,115419176.53931703
eth,2021-04-05,115433551.67759894
eth,2021-04-06,115447899.98932712
eth,2021-04-07,115462290.17623387
eth,2021-04-08,115476601.74689
eth,2021-04-09,115490833.4407436
eth,2021-04-10,115505305.03423546
eth,2021-04-11,115519737.7440412
eth,2021-04-12,115534153.8722941
eth,2021-04-13,115548485.85614005
eth,2021-04-14,115562784.47176564
eth,2021-04-15,115577124.96343836
eth,2021-04-16,115591384.87129287
eth,2021-04-17,115605699.00666273
eth,2021-04-18,115620104.07112196
eth,2021-04-19,115634290.51837532
eth,2021-04-20,115648864.42610165
eth,2021-04-21,115663319.35665736
eth,2021-04-22,115677594.6733434
eth,2021-04-23,115691928.92185576
eth,2021-04-24,115706336.77235287
eth,2021-04-25,115721254.91526663
eth,2021-04-26,115735622.8086386
eth,2021-04-27,115749991.94652195
eth,2021-04-28,115764423.2905686
eth,2021-04-29,115778785.439822
eth,2021-04-30,115793084.26523468
eth,2021-05-01,115807527.44558656
eth,2021-05-02,115821855.21815532
eth,2021-05-03,115836301.5524254
eth,2021-05-04,115850730.5895827
eth,2021-05-05,115865209.48076296
eth,2021-05-06,115879579.08707862
eth,2021-05-07,115893926.52385236
eth,2021-05-08,115908314.84110685
eth,2021-05-09,115922686.76607051
eth,2021-05-10,115937200.49837314
eth,2021-05-11,115951585.96528912
eth,2021-05-12,115965952.7215982
eth,2021-05-13,115980540.95333074
eth,2021-05-14,115994948.52185516
eth,2021-05-15,116009417.24242368
eth,2021-05-16,116023820.11101766
eth,2021-05-17,116038195.75241923
eth,2021-05-18,116052641.8059586
eth,2021-05-19,116067043.50243
eth,2021-05-20,116081539.07477143
eth,2021-05-21,116095876.5972846
eth,2021-05-22,116110341.91460145
eth,2021-05-23,116124754.461518
eth,2021-05-24,116139224.89039916
eth,2021-05-25,116153503.2716966
eth,2021-05-26,116167859.2011944
eth,2021-05-27,116182209.1447829
eth,2021-05-28,116196674.676151
eth,2021-05-29,116211179.68621004
eth,2021-05-30,116225596.97858672
eth,2021-05-31,116239971.8185434
eth,2021-06-01,116254412.02208716
eth,2021-06-02,116268962.4680578
eth,2021-06-03,116283321.55685912
eth,2021-06-04,116297921.33678068
eth,2021-06-05,116312277.72619916
eth,2021-06-06,116326866.63781676
eth,2021-06-07,116341274.1182905
eth,2021-06-08,116355745.59876268
eth,2021-06-09,116370159.52094495
eth,2021-06-10,116384533.71310613
eth,2021-06-11,116398989.141472
eth,2021-06-12,116413392.37091751
eth,2021-06-13,116427838.025454
eth,2021-06-14,116442357.35029544
eth,2021-06-15,116456950.51199466
eth,2021-06-16,116471300.73756751
eth,2021-06-17,116485824.13200267
eth,2021-06-18,116500155.31308654
eth,2021-06-19,116514637.06141576
eth,2021-06-20,116529123.24793904
eth,2021-06-21,116543361.82754622
eth,2021-06-22,116557893.96754238
eth,2021-06-23,116572353.40221529
eth,2021-06-24,116586731.84694088
eth,2021-06-25,116600966.56847271
eth,2021-06-26,116615438.33765444
eth,2021-06-27,116629931.54232208
eth,2021-06-28,116644515.1039678
eth,2021-06-29,116658929.08032714
eth,2021-06-30,116673454.45827474
eth,2021-07-01,116687763.04057224
eth,2021-07-02,116702258.53977641
eth,2021-07-03,116716667.7245416
eth,2021-07-04,116731191.96089154
eth,2021-07-05,116745686.3753758
eth,2021-07-06,116760221.19986784
eth,2021-07-07,116774681.64956592
eth,2021-07-08,116789221.14830408
eth,2021-07-09,116803637.54422776
eth,2021-07-10,116818182.07613836
eth,2021-07-11,116832614.90643746
eth,2021-07-12,116846964.44991772
eth,2021-07-13,116861247.20790808
eth,2021-07-14,116875705.389436
eth,2021-07-15,116890234.65779744
eth,2021-07-16,116904595.85600552
eth,2021-07-17,116918920.59426951
eth,2021-07-18,116933342.17758258
eth,2021-07-19,116947788.48572627
eth,2021-07-20,116962124.48972888
eth,2021-07-21,116976657.45651492
eth,2021-07-22,116991109.15237498
eth,2021-07-23,117005454.70649765
eth,2021-07-24,117020018.86075331
eth,2021-07-25,117034456.38313147
eth,2021-07-26,117048786.70318076
eth,2021-07-27,117063018.9592832
eth,2021-07-28,117077263.4655951
eth,2021-07-29,117091581.46835506
eth,2021-07-30,117105795.34266844
eth,2021-07-31,117120047.30594236
eth,2021-08-01,117134285.50042568
eth,2021-08-02,117148700.72877868
eth,2021-08-03,117163021.34219348
eth,2021-08-04,117177330.52634244
eth,2021-08-05,117188634.89946702
eth,2021-08-06,117199084.34708558
eth,2021-08-07,117209578.08728096
eth,2021-08-08,117220027.38546357
eth,2021-08-09,117230453.08235112
eth,2021-08-10,117239815.15470172
eth,2021-08-11,117249032.40598968
eth,2021-08-12,117258773.03591564
eth,2021-08-13,117268649.78844573
eth,2021-08-14,117279101.70056888
eth,2021-08-15,117288287.67543928
eth,2021-08-16,117298187.10896938
eth,2021-08-17,117308585.75165132
eth,2021-08-18,117319205.92061593
eth,2021-08-19,117330511.27127938
eth,2021-08-20,117341615.69191097
eth,2021-08-21,117353110.00722732
eth,2021-08-22,117364716.9406598
eth,2021-08-23,117373873.08038989
eth,2021-08-24,117381389.35814716
eth,2021-08-25,117387644.67040502
eth,2021-08-26,117394032.48365039
eth,2021-08-27,117397500.8013729
eth,2021-08-28,117404344.95443895
eth,2021-08-29,117410658.35267654
eth,2021-08-30,117415226.24433845
eth,2021-08-31,117418946.32042688
eth,2021-09-01,117422124.63838723
eth,2021-09-02,117427286.77838948
eth,2021-09-03,117428117.15380758
eth,2021-09-04,117432047.42529388
eth,2021-09-05,117436913.78146683
eth,2021-09-06,117441094.95344812
eth,2021-09-07,117441625.95290112
eth,2021-09-08,117442079.6788689
eth,2021-09-09,117443489.25649852
eth,2021-09-10,117449495.14812468
eth,2021-09-11,117458257.05721864
eth,2021-09-12,117467278.661164
eth,2021-09-13,117474946.97924075
eth,2021-09-14,117483009.78913186
eth,2021-09-15,117491480.95399871
eth,2021-09-16,117498514.51969329
eth,2021-09-17,117506330.36249712
eth,2021-09-18,117516074.22867873
eth,2021-09-19,117525856.74616438
eth,2021-09-20,117532644.39647049
eth,2021-09-21,117538259.13864727
eth,2021-09-22,117546743.85923134
eth,2021-09-23,117554735.4634492
eth,2021-09-24,117562828.16198324
eth,2021-09-25,117573450.1176554
eth,2021-09-26,117582099.59462672
eth,2021-09-27,117589144.24841388
eth,2021-09-28,117595701.77293672
eth,2021-09-29,117602935.56194974
eth,2021-09-30,117607218.31338376
eth,2021-10-01,117614034.9776765
eth,2021-10-02,117623078.75376932
eth,2021-10-03,117632124.94400913
eth,2021-10-04,117637501.39263
eth,2021-10-05,117640697.1602943
eth,2021-10-06,117642095.78282692
eth,2021-10-07,117643895.1699915
eth,2021-10-08,117647076.63414425
eth,2021-10-09,117654437.0115784
eth,2021-10-10,117661732.31181169
eth,2021-10-11,117666602.001652
eth,2021-10-12,117673160.76516956
eth,2021-10-13,117678892.29297677
eth,2021-10-14,117681577.0349348
eth,2021-10-15,117684398.87483092
eth,2021-10-16,117691342.66382574
eth,2021-10-17,117699182.99705932
eth,2021-10-18,117705154.8642358
eth,2021-10-19,117713185.30628067
eth,2021-10-20,117720595.88212864
eth,2021-10-21,117726747.43544486
eth,2021-10-22,117733611.26355402
eth,2021-10-23,117742352.37801012
eth,2021-10-24,117750394.67622335
eth,2021-10-25,117756255.76953857
eth,2021-10-26,117759685.74860004
eth,2021-10-27,117759379.94088817
eth,2021-10-28,117757184.49911053
eth,2021-10-29,117756181.01113896
eth,2021-10-30,117756466.94786796
eth,2021-10-31,117757786.22201036
eth,2021-11-01,117758233.39844856
eth,2021-11-02,117757244.6984338
eth,2021-11-03,117757458.66032572
eth,2021-11-04,117759139.55358727
eth,2021-11-05,117761812.78147948
eth,2021-11-06,117766159.54943536
eth,2021-11-07,117772011.37279435
eth,2021-11-08,117775519.87572478
eth,2021-11-09,117774428.66902123
eth,2021-11-10,117774062.43272516
eth,2021-11-11,117774385.8617041
eth,2021-11-12,117775608.5072232
eth,2021-11-13,117778299.12127016
eth,2021-11-14,117782678.18685474
eth,2021-11-15,117783567.70480403
eth,2021-11-16,117785226.92795348
eth,2021-11-17,117787806.57879056
eth,2021-11-18,117789523.01626042
eth,2021-11-19,117793049.57160248
eth,2021-11-20,117798144.6949548
eth,2021-11-21,117803146.38654046
eth,2021-11-22,117804393.20963947
eth,2021-11-23,117806903.31120887
eth,2021-11-24,117809875.43652888
eth,2021-11-25,117813466.45936814
eth,2021-11-26,117818020.97503719
eth,2021-11-27,117822695.0737518
eth,2021-11-28,117827031.56775984
eth,2021-11-29,117830620.69913442
eth,2021-11-30,117832455.36822689
eth,2021-12-01,117834521.14162745
eth,2021-12-02,117838813.42713264
eth,2021-12-03,117843636.17570531
eth,2021-12-04,117845365.85263865
eth,2021-12-05,117850860.03579326
eth,2021-12-06,117855850.46961217
eth,2021-12-07,117861926.45491868
eth,2021-12-08,117869226.09507212
eth,2021-12-09,117876331.39113584
eth,2021-12-10,117883064.03082068
eth,2021-12-11,117891098.47151332
eth,2021-12-12,117900317.78605962
eth,2021-12-13,117907789.21403924
eth,2021-12-14,117915705.646025
eth,2021-12-15,117922513.12127444
eth,2021-12-16,117927779.765698
eth,2021-12-17,117934692.4591843
eth,2021-12-18,117943638.34549604
eth,2021-12-19,117953540.70433396
eth,2021-12-20,117962549.48443836
eth,2021-12-21,117971262.63771968
eth,2021-12-22,117979082.13002355
eth,2021-12-23,117986707.7847598
eth,2021-12-24,117995253.79403467
eth,2021-12-25,118003663.76152912
eth,2021-12-26,118013494.64110066
eth,2021-12-27,118021267.61553968
eth,2021-12-28,118026806.95936154
eth,2021-12-29,118030353.85688774
eth,2021-12-30,118035304.00861216
eth,2021-12-31,118041602.26648684
eth,2022-01-01,118049177.83493708
eth,2022-01-02,118054804.89359155
eth,2022-01-03,118060102.63204949
eth,2022-01-04,118063057.34379524
eth,2022-01-05,118064691.9651182
eth,2022-01-06,118067192.31174992
eth,2022-01-07,118068474.84436598
eth,2022-01-08,118072739.65115172
eth,2022-01-09,118073603.88614528
eth,2022-01-10,118068986.88951702
eth,2022-01-11,118066947.176361
eth,2022-01-12,118064926.2724
eth,2022-01-13,118064523.66244586
eth,2022-01-14,118062142.19064847
eth,2022-01-15,118065062.005458
eth,2022-01-16,118067845.84596606
eth,2022-01-17,118070312.03019032
eth,2022-01-18,118074371.7944478
eth,2022-01-19,118077991.92753488
eth,2022-01-20,118080053.47179142
eth,2022-01-21,118078370.14518136
eth,2022-01-22,118078768.93437424
eth,2022-01-23,118082248.18600515
eth,2022-01-24,118084782.80552684
eth,2022-01-25,118087292.3978704
eth,2022-01-26,118089389.24586897
eth,2022-01-27,118090211.26866968
eth,2022-01-28,118092413.28056984
eth,2022-01-29,118096908.0033451
eth,2022-01-30,118101746.68687584
eth,2022-01-31,118105689.22175972
eth,2022-02-01,118106759.32202652
eth,2022-02-02,118108234.74501856
eth,2022-02-03,118112134.5426002
eth,2022-02-04,118117445.238175
eth,2022-02-05,118125276.87143043
eth,2022-02-06,118133557.87450084
eth,2022-02-07,118138052.54536729
eth,2022-02-08,118144799.57721682
eth,2022-02-09,118151348.23949485
eth,2022-02-10,118157961.80943236
eth,2022-02-11,118166304.64412844
eth,2022-02-12,118175254.33788905
eth,2022-02-13,118185106.2507456
eth,2022-02-14,118194564.21958973
eth,2022-02-15,118203663.1840726
eth,2022-02-16,118211362.91194569
eth,2022-02-17,118219467.16817927
eth,2022-02-18,118225504.47319023
eth,2022-02-19,118234406.27957945
eth,2022-02-20,118243485.83770809
eth,2022-02-21,118250033.31027408
eth,2022-02-22,118257031.36298464
eth,2022-02-23,118264523.08971344
eth,2022-02-24,118271553.22588168
eth,2022-02-25,118281104.47114918
eth,2022-02-26,118291930.92276296
eth,2022-02-27,118302953.89235468
eth,2022-02-28,118311264.20754318
eth,2022-03-01,118320842.34656174
eth,2022-03-02,118330729.7522926
eth,2022-03-03,118341214.78661028
eth,2022-03-04,118351969.6487406
eth,2022-03-05,118363595.60034151
eth,2022-03-06,118374151.22847432
eth,2022-03-07,118385607.08684164
eth,2022-03-08,118397158.5598624
eth,2022-03-09,118408851.0923104
eth,2022-03-10,118420966.42113124
eth,2022-03-11,118433467.85740492
eth,2022-03-12,118446532.4208298
eth,2022-03-13,118458829.18995744
eth,2022-03-14,118471023.93636636
eth,2022-03-15,118482609.71275245
eth,2022-03-16,118493817.25511707
eth,2022-03-17,118503180.06487323
eth,2022-03-18,118513176.2917792
eth,2022-03-19,118525431.45328632
eth,2022-03-20,118538077.9621798
eth,2022-03-21,118550003.06203392
eth,2022-03-22,118561261.79492985
eth,2022-03-23,118572817.7933734
eth,2022-03-24,118583240.44952726
eth,2022-03-25,118594013.42674352
eth,2022-03-26,118606027.09555204
eth,2022-03-27,118616881.53564352
eth,2022-03-28,118624762.43016791
eth,2022-03-29,118635638.26375397
eth,2022-03-30,118645805.6267211
eth,2022-03-31,118656039.38276136
eth,2022-04-01,118665067.87935428
eth,2022-04-02,118675006.16312183
eth,2022-04-03,118685095.05312207
eth,2022-04-04,118694089.51713528
eth,2022-04-05,118698730.3844551
eth,2022-04-06,118708353.48180476
eth,2022-04-07,118717490.3172478
eth,2022-04-08,118727276.96920405
eth,2022-04-09,118738917.62023637
eth,2022-04-10,118750676.16504893
eth,2022-04-11,118761500.5426492
eth,2022-04-12,118772212.81242257
eth,2022-04-13,118782785.73111576
eth,2022-04-14,118793328.467295
eth,2022-04-15,118805144.94156688
eth,2022-04-16,118817307.45488092
eth,2022-04-17,118830010.92657045
eth,2022-04-18,118841650.18218756
eth,2022-04-19,118852848.53256832
eth,2022-04-20,118861240.24828672
eth,2022-04-21,118870353.57809016
eth,2022-04-22,118880579.5338866
eth,2022-04-23,118892436.81892788
eth,2022-04-24,118904321.99834688
eth,2022-04-25,118914321.63436732
eth,2022-04-26,118924823.94869591
eth,2022-04-27,118935216.99656416
eth,2022-04-28,118945552.1939226
eth,2022-04-29,118955947.08024296
eth,2022-04-30,118966578.92370243
eth,2022-05-01,118909799.0717451
eth,2022-05-02,118918420.73816375
eth,2022-05-03,118927549.69664755
eth,2022-05-04,118937769.75835724
eth,2022-05-05,118947344.24143358
eth,2022-05-06,118958121.79890384
eth,2022-05-07,118969953.27596492
eth,2022-05-08,118982496.49605732
eth,2022-05-09,118991734.50627983
eth,2022-05-10,119001385.86140811
eth,2022-05-11,119003902.54490268
eth,2022-05-12,119000052.42296156
eth,2022-05-13,119008068.98491783
eth,2022-05-14,119019579.80741885
eth,2022-05-15,119032209.04152805
eth,2022-05-16,119044873.71665022
eth,2022-05-17,119056599.62840524
eth,2022-05-18,119068978.38580112
eth,2022-05-19,119081128.18329614
eth,2022-05-20,119093026.5879893
eth,2022-05-21,119105656.59537973
eth,2022-05-22,119118023.3509966
eth,2022-05-23,119130307.6557054
eth,2022-05-24,119142096.17046984
eth,2022-05-25,119153637.60786565
eth,2022-05-26,119163928.16823174
eth,2022-05-27,119174828.8412073
eth,2022-05-28,119187474.4859878
eth,2022-05-29,119200088.3998764
eth,2022-05-30,119211535.38106292
eth,2022-05-31,119221695.92388368
eth,2022-06-01,119231195.21284018
eth,2022-06-02,119240151.79060613
eth,2022-06-03,119249154.76757918
eth,2022-06-04,119258307.33593032
eth,2022-06-05,119267563.88735482
eth,2022-06-06,119276898.2257032
eth,2022-06-07,119286084.80936337
eth,2022-06-08,119293843.06396785
eth,2022-06-09,119301752.88695504
eth,2022-06-10,119310970.58255546
eth,2022-06-11,119321825.38033517
eth,2022-06-12,119332827.67440835
eth,2022-06-13,119339552.5202564
eth,2022-06-14,119348453.8572462
eth,2022-06-15,119356752.18937355
eth,2022-06-16,119367177.92961586
eth,2022-06-17,119377857.77443704
eth,2022-06-18,119387652.48437034
eth,2022-06-19,119399102.62903316
eth,2022-06-20,119410790.33854632
eth,2022-06-21,119420823.10394292
eth,2022-06-22,119431003.76922028
eth,2022-06-23,119439959.34105156
eth,2022-06-24,119449638.06341527
eth,2022-06-25,119459711.36395596
eth,2022-06-26,119469631.40153833
eth,2022-06-27,119478696.83235385
eth,2022-06-28,119487957.458962
eth,2022-06-29,119496685.88429882
eth,2022-06-30,119506121.32196076
eth,2022-07-01,119518360.07484777
eth,2022-07-02,119532097.49588144
eth,2022-07-03,119545769.65582004
eth,2022-07-04,119558797.48566423
eth,2022-07-05,119571324.74259266
eth,2022-07-06,119583755.03304656
eth,2022-07-07,119595348.86708258
eth,2022-07-08,119608158.68944824
eth,2022-07-09,119621440.89690356
eth,2022-07-10,119634972.19055578
eth,2022-07-11,119647517.82183388
eth,2022-07-12,119660602.04673585
eth,2022-07-13,119673098.42507592
eth,2022-07-14,119685137.53533287
eth,2022-07-15,119697366.799158
eth,2022-07-16,119710547.37849171
eth,2022-07-17,119724023.56220125
eth,2022-07-18,119736447.01901044
eth,2022-07-19,119748881.19458066
eth,2022-07-20,119761322.72954464
eth,2022-07-21,119774668.13015726
eth,2022-07-22,119788425.32556383
eth,2022-07-23,119802466.08672604
eth,2022-07-24,119816682.09366332
eth,2022-07-25,119829987.40903622
eth,2022-07-26,119843031.32610407
eth,2022-07-27,119856418.78476559
eth,2022-07-28,119869518.08202244
eth,2022-07-29,119883224.77523042
eth,2022-07-30,119897600.65236671
eth,2022-07-31,119911954.76053467
eth,2022-08-01,119925885.76118591
eth,2022-08-02,119939807.26346336
eth,2022-08-03,119953738.99168985
eth,2022-08-04,119967619.0958514
eth,2022-08-05,119981635.60686155
eth,2022-08-06,119995855.13416964
eth,2022-08-07,120010162.80484256
eth,2022-08-08,120023687.06574248
eth,2022-08-09,120037004.9770564
eth,2022-08-10,120049550.86093745
eth,2022-08-11,120062377.71832377
eth,2022-08-12,120075726.20795836
eth,2022-08-13,120089831.17670722
eth,2022-08-14,120103747.4936749
eth,2022-08-15,120116938.70515496
eth,2022-08-16,120130865.43018372
eth,2022-08-17,120144541.13694528
eth,2022-08-18,120158360.65349664
eth,2022-08-19,120171666.40409772
eth,2022-08-20,120185665.11724764
eth,2022-08-21,120200037.11899404
eth,2022-08-22,120213591.44482596
eth,2022-08-23,120227392.37415355
eth,2022-08-24,120241071.59910652
eth,2022-08-25,120254425.24628285
eth,2022-08-26,120267991.27774392
eth,2022-08-27,120282017.55035426
eth,2022-08-28,120295976.75993983
eth,2022-08-29,120309419.4859594
eth,2022-08-30,120322318.94769652
eth,2022-08-31,120335181.65550444
eth,2022-09-01,120348054.28620778
eth,2022-09-02,120361667.9160814
eth,2022-09-03,120375650.79811864
eth,2022-09-04,120389705.4010284
eth,2022-09-05,120403298.22218676
eth,2022-09-06,120416578.82436472
eth,2022-09-07,120429416.80087772
eth,2022-09-08,120442217.25802012
eth,2022-09-09,120454664.98181152
eth,2022-09-10,120468069.49328908
eth,2022-09-11,120481581.52329314
eth,2022-09-12,120494496.56008255
eth,2022-09-13,120507431.05545828
eth,2022-09-14,120520401.082621
eth,2022-09-15,120523833.26261926
eth,2022-09-16,120524518.5823378
eth,2022-09-17,120525546.82264888
eth,2022-09-18,120526444.0727433
eth,2022-09-19,120527141.88564944
eth,2022-09-20,120527665.41326296
eth,2022-09-21,120528149.98007976
eth,2022-09-22,120528836.52753332
eth,2022-09-23,120529641.75284465
eth,2022-09-24,120530765.00007471
eth,2022-09-25,120531736.08127892
eth,2022-09-26,120532254.84960613
eth,2022-09-27,120532112.18105124
eth,2022-09-28,120532295.19128747
eth,2022-09-29,120532549.624549
eth,2022-09-30,120532669.50072956
eth,2022-10-01,120533476.92726
eth,2022-10-02,120534630.43400444
eth,2022-10-03,120534804.0818142
eth,2022-10-04,120535017.87816197
eth,2022-10-05,120535179.77840832
eth,2022-10-06,120535637.89875796
eth,2022-10-07,120536367.00429095
eth,2022-10-08,120536086.98859347
eth,2022-10-09,120534766.08966112
eth,2022-10-10,120532846.89666653
eth,2022-10-11,120531761.67460096
eth,2022-10-12,120531473.75582355
eth,2022-10-13,120530875.33524133
eth,2022-10-14,120530756.34216756
eth,2022-10-15,120530736.72806536
eth,2022-10-16,120530978.46958858
eth,2022-10-17,120530481.58969449
eth,2022-10-18,120529711.43751816
eth,2022-10-19,120528714.62963717
eth,2022-10-20,120527156.28421248
eth,2022-10-21,120525721.10085785
eth,2022-10-22,120525545.62331104
eth,2022-10-23,120525855.12828036
eth,2022-10-24,120525565.19608548
eth,2022-10-25,120525124.11724482
eth,2022-10-26,120524926.5699692
eth,2022-10-27,120525031.3549654
eth,2022-10-28,120525056.34340005
eth,2022-10-29,120525470.54807788
eth,2022-10-30,120526304.64830545
eth,2022-10-31,120525999.32476711
eth,2022-11-01,120526296.80675194
eth,2022-11-02,120526400.8549506
eth,2022-11-03,120526132.8118589
eth,2022-11-04,120525991.23835038
eth,2022-11-05,120526429.08517992
eth,2022-11-06,120526935.52637736
eth,2022-11-07,120526828.94427858
eth,2022-11-08,120523900.86493371
eth,2022-11-09,120520343.07147548
eth,2022-11-10,120518401.93683004
eth,2022-11-11,120517805.0923167
eth,2022-11-12,120518019.5918514
eth,2022-11-13,120518232.32648428
eth,2022-11-14,120518057.56788184
eth,2022-11-15,120517814.95462048
eth,2022-11-16,120517803.64142756
eth,2022-11-17,120517901.75719143
eth,2022-11-18,120518194.2166073
eth,2022-11-19,120518665.54545964
eth,2022-11-20,120519157.96493332
eth,2022-11-21,120519570.04370892
eth,2022-11-22,120519774.30891472
eth,2022-11-23,120520137.34014322
eth,2022-11-24,120520639.23277496
eth,2022-11-25,120521250.11613896
eth,2022-11-26,120521917.6738053
eth,2022-11-27,120522603.93220356
eth,2022-11-28,120522910.71670385
eth,2022-11-29,120523467.91822316
eth,2022-11-30,120523914.06532972
eth,2022-12-01,120524341.47331467
eth,2022-12-02,120524808.93208958
eth,2022-12-03,120525336.53588495
eth,2022-12-04,120525879.7857646
eth,2022-12-05,120526194.52718277
eth,2022-12-06,120526380.05976827
eth,2022-12-07,120526434.69723459
eth,2022-12-08,120526586.4980235
eth,2022-12-09,120525039.17819092
eth,2022-12-10,120525183.0092646
eth,2022-12-11,120525313.95334016
eth,2022-12-12,120525323.21969704
eth,2022-12-13,120525176.54454447
eth,2022-12-14,120525278.40956967
eth,2022-12-15,120525195.74807768
eth,2022-12-16,120525048.65557444
eth,2022-12-17,120525357.5530784
eth,2022-12-18,120525652.48028807
eth,2022-12-19,120525897.09325717
eth,2022-12-20,120526003.60100365
eth,2022-12-21,120526179.54550172
eth,2022-12-22,120526417.4265793
eth,2022-12-23,120526751.09619708
eth,2022-12-24,120527306.19085447
eth,2022-12-25,120527934.90303738
eth,2022-12-26,120528475.5446213
eth,2022-12-27,120528662.4586895
eth,2022-12-28,120528732.40808643
eth,2022-12-29,120528750.98183438
eth,2022-12-30,120528698.2456994
eth,2022-12-31,120528769.15015672
eth,2023-01-01,120529017.2695631
eth,2023-01-02,120529093.95715128
eth,2023-01-03,120528939.8908922
eth,2023-01-04,120528620.98133887
eth,2023-01-05,120528183.11860149
eth,2023-01-06,120527821.85524784
eth,2023-01-07,120527958.9954058
eth,2023-01-08,120527805.50363618
eth,2023-01-09,120527188.46318483
eth,2023-01-10,120526730.10296068
eth,2023-01-11,120526242.1567896
eth,2023-01-12,120525759.72166257
eth,2023-01-13,120524925.71500748
eth,2023-01-14,120524237.64701596
eth,2023-01-15,120523998.49050882
eth,2023-01-16,120523459.69573328
eth,2023-01-17,120522865.96251412
eth,2023-01-18,120521921.37718716
eth,2023-01-19,120521535.90528136
eth,2023-01-20,120521136.65776514
eth,2023-01-21,120521141.75088236
eth,2023-01-22,120521319.13053171
eth,2023-01-23,120521177.99930678
eth,2023-01-24,120520642.475563
eth,2023-01-25,120520306.4315072
eth,2023-01-26,120519942.55300163
eth,2023-01-27,120519563.1648018
eth,2023-01-28,120519740.30443372
eth,2023-01-29,120519525.27598353
eth,2023-01-30,120519409.80225764
eth,2023-01-31,120518623.8147938
eth,2023-02-01,120517710.28762428
eth,2023-02-02,120516605.67622446
eth,2023-02-03,120515383.38517296
eth,2023-02-04,120514802.49550208
eth,2023-02-05,120514490.36674036
eth,2023-02-06,120513759.00927693
eth,2023-02-07,120512258.60439284
eth,2023-02-08,120510537.749031
eth,2023-02-09,120508620.99513929
eth,2023-02-10,120507762.733762
eth,2023-02-11,120507674.46515392
eth,2023-02-12,120507669.77837253
eth,2023-02-13,120506916.1505425
eth,2023-02-14,120503131.72995473
eth,2023-02-15,120500938.39709686
eth,2023-02-16,120498618.43121952
eth,2023-02-17,120496707.8392495
eth,2023-02-18,120495699.12101428
eth,2023-02-19,120494932.24985698
eth,2023-02-20,120493494.23152652
eth,2023-02-21,120491922.8508644
eth,2023-02-22,120489993.89860947
eth,2023-02-23,120487834.62989062
eth,2023-02-24,120486417.5707692
eth,2023-02-25,120485980.08901732
eth,2023-02-26,120485602.29967768
eth,2023-02-27,120485489.63069382
eth,2023-02-28,120484740.19846
eth,2023-03-01,120483302.4743171
eth,2023-03-02,120482230.57338612
eth,2023-03-03,120480947.08001816
eth,2023-03-04,120480323.77385873
eth,2023-03-05,120479454.16348656
eth,2023-03-06,120477735.47682352
eth,2023-03-07,120476212.9908262
eth,2023-03-08,120474604.50983173
eth,2023-03-09,120472675.54413275
eth,2023-03-10,120471252.395079
eth,2023-03-11,120463739.2353074
eth,2023-03-12,120463103.02377065
eth,2023-03-13,120461692.44922929
eth,2023-03-14,120460342.75245096
eth,2023-03-15,120459315.81152548
eth,2023-03-16,120458629.98711464
eth,2023-03-17,120457885.68990552
eth,2023-03-18,120457860.54713212
eth,2023-03-19,120457836.83398671
eth,2023-03-20,120457520.464536
eth,2023-03-21,120457404.53818803
eth,2023-03-22,120457170.18808916
eth,2023-03-23,120456644.5363474
eth,2023-03-24,120456071.40566652
eth,2023-03-25,120456081.47018956
eth,2023-03-26,120456090.48228434
eth,2023-03-27,120455041.54205243
eth,2023-03-28,120454048.76430672
eth,2023-03-29,120452713.84037304
eth,2023-03-30,120451156.5972936
eth,2023-03-31,120450150.3511902
eth,2023-04-01,120449756.86603788
eth,2023-04-02,120449479.90183644
eth,2023-04-03,120448334.25660504
eth,2023-04-04,120447053.4821056
eth,2023-04-05,120445229.05817944
eth,2023-04-06,120443992.95686686
eth,2023-04-07,120443303.78663556
eth,2023-04-08,120442937.66842297
eth,2023-04-09,120442607.3979474
eth,2023-04-10,120441906.56895678
eth,2023-04-11,120440932.23232047
eth,2023-04-12,120440333.00482184
eth,2023-04-13,120438948.52758676
eth,2023-04-14,120437676.3958655
eth,2023-04-15,120436952.71193393
eth,2023-04-16,120436032.60388552
eth,2023-04-17,120434392.53269768
eth,2023-04-18,120430969.5789793
eth,2023-04-19,120425386.00812577
eth,2023-04-20,120420385.41037196
eth,2023-04-21,120418093.40976164
eth,2023-04-22,120416045.28282608
eth,2023-04-23,120413581.42493428
eth,2023-04-24,120410844.97555268
eth,2023-04-25,120408701.85648952
eth,2023-04-26,120406347.61959957
eth,2023-04-27,120404373.40456784
eth,2023-04-28,120402292.88143659
eth,2023-04-29,120400435.70552172
eth,2023-04-30,120397788.40551537
eth,2023-05-01,120392638.88724524
eth,2023-05-02,120385796.28427468
eth,2023-05-03,120379770.9887168
eth,2023-05-04,120373589.07361776
eth,2023-05-05,120360871.48540282
eth,2023-05-06,120348482.6786138
eth,2023-05-07,120338815.90580831
eth,2023-05-08,120329329.90089372
eth,2023-05-09,120321609.3352786
eth,2023-05-10,120313592.02867264
eth,2023-05-11,120305183.68146674
eth,2023-05-12,120300110.10972597
eth,2023-05-13,120297541.868697
eth,2023-05-14,120295124.24958628
eth,2023-05-15,120290949.85292543
eth,2023-05-16,120286896.82506476
eth,2023-05-17,120283270.89514948
eth,2023-05-18,120279613.48949678
eth,2023-05-19,120276710.5533543
eth,2023-05-20,120275044.11781555
eth,2023-05-21,120273351.02086186
eth,2023-05-22,120270383.02534316
eth,2023-05-23,120266731.79684758
eth,2023-05-24,120264067.13643864
eth,2023-05-25,120262098.20818184
eth,2023-05-26,120260714.90721536
eth,2023-05-27,120259960.4432103
eth,2023-05-28,120258843.55893283
eth,2023-05-29,120256929.57208697
eth,2023-05-30,120253986.6635788
eth,2023-05-31,120251808.22373553
eth,2023-06-01,120249560.02503385
eth,2023-06-02,120248567.64985308
eth,2023-06-03,120247955.29566763
eth,2023-06-04,120247556.7237646
eth,2023-06-05,120245761.84805895
eth,2023-06-06,120244832.51867773
eth,2023-06-07,120244265.23549329
eth,2023-06-08,120243684.64004812
eth,2023-06-09,120243408.2554307
eth,2023-06-10,120242843.44596
eth,2023-06-11,120242967.21895207
eth,2023-06-12,120243065.76905417
eth,2023-06-13,120243230.92841049
eth,2023-06-14,120242830.5787524
eth,2023-06-15,120242739.44536155
eth,2023-06-16,120242599.29228383
eth,2023-06-17,120242730.6097883
eth,2023-06-18,120243096.81470424
eth,2023-06-19,120243104.57229687
eth,2023-06-20,120243101.37146217
eth,2023-06-21,120242859.18693858
eth,2023-06-22,120243064.88391952
eth,2023-06-23,120243076.53909823
eth,2023-06-24,120243503.84878996
eth,2023-06-25,120244116.76680908
eth,2023-06-26,120244611.72789146
eth,2023-06-27,120244705.72059828
eth,2023-06-28,120244670.62679207
eth,2023-06-29,120243285.28029844
eth,2023-06-30,120242205.62100977
eth,2023-07-01,120242403.3948874
eth,2023-07-02,120242874.30797726
eth,2023-07-03,120242732.02215748
eth,2023-07-04,120241687.24275307
eth,2023-07-05,120238468.05397417
eth,2023-07-06,120236297.22782336
eth,2023-07-07,120235010.83001688
eth,2023-07-08,120235033.41774295
eth,2023-07-09,120235252.42466454
eth,2023-07-10,120235021.63277604
eth,2023-07-11,120234762.46720828
eth,2023-07-12,120233939.22263563
eth,2023-07-13,120232579.18687068
eth,2023-07-14,120232056.25455028
eth,2023-07-15,120232614.82205172
eth,2023-07-16,120233002.647316
eth,2023-07-17,120232781.96172224
eth,2023-07-18,120231689.05435023
eth,2023-07-19,120231092.02167444
eth,2023-07-20,120230377.72085588
eth,2023-07-21,120229452.77051614
eth,2023-07-22,120229564.39318798
eth,2023-07-23,120229560.66874476
eth,2023-07-24,120228286.42071924
eth,2023-07-25,120227265.76338412
eth,2023-07-26,120226568.10556078
eth,2023-07-27,120225402.0287675
eth,2023-07-28,120223577.50542992
eth,2023-07-29,120223398.89935526
eth,2023-07-30,120223407.88936996
eth,2023-07-31,120222982.85021494
eth,2023-08-01,120222665.19344972
eth,2023-08-02,120222238.75777288
eth,2023-08-03,120221962.9448464
eth,2023-08-04,120222018.95343916
eth,2023-08-05,120222420.3234203
eth,2023-08-06,120222995.69763382
eth,2023-08-07,120222633.75693466
eth,2023-08-08,120222198.02469613
eth,2023-08-09,120221979.97186293
eth,2023-08-10,120221730.90519172
eth,2023-08-11,120221866.69532256
eth,2023-08-12,120222484.4572596
eth,2023-08-13,120223119.23525728
eth,2023-08-14,120223018.25428855
eth,2023-08-15,120222426.15500328
eth,2023-08-16,120221371.15261272
eth,2023-08-17,120219426.30777755
eth,2023-08-18,120218919.04564013
eth,2023-08-19,120219519.77850568
eth,2023-08-20,120220076.11337052
eth,2023-08-21,120219808.6191165
eth,2023-08-22,120218624.91344476
eth,2023-08-23,120218380.1206211
eth,2023-08-24,120218413.53105909
eth,2023-08-25,120218180.63216051
eth,2023-08-26,120218961.18399803
eth,2023-08-27,120219764.01867868
eth,2023-08-28,120219138.15469775
eth,2023-08-29,120217921.41169098
eth,2023-08-30,120217669.9354637
eth,2023-08-31,120217518.26756996
eth,2023-09-01,120217810.96832104
eth,2023-09-02,120218725.836421
eth,2023-09-03,120219656.29477178
eth,2023-09-04,120220173.80621383
eth,2023-09-05,120220984.69432944
eth,2023-09-06,120221154.15447555
eth,2023-09-07,120221374.50634982
eth,2023-09-08,120221906.56351496
eth,2023-09-09,120223012.54305002
eth,2023-09-10,120224211.0912146
eth,2023-09-11,120224178.95377356
eth,2023-09-12,120224768.77371572
eth,2023-09-13,120225009.41546112
eth,2023-09-14,120225296.62114295
eth,2023-09-15,120225762.07284276
eth,2023-09-16,120226886.38777968
eth,2023-09-17,120228127.13521609
eth,2023-09-18,120228667.61642176
eth,2023-09-19,120229573.68687774
eth,2023-09-20,120230268.750554
eth,2023-09-21,120230508.79548198
eth,2023-09-22,120231755.73881312
eth,2023-09-23,120233175.8726292
eth,2023-09-24,120234636.42410567
eth,2023-09-25,120235576.11183348
eth,2023-09-26,120236292.84068294
eth,2023-09-27,120237300.42431743
eth,2023-09-28,120238363.9284459
eth,2023-09-29,120239621.11582299
eth,2023-09-30,120241042.34585708
eth,2023-10-01,120242502.65565112
eth,2023-10-02,120243093.75739843
eth,2023-10-03,120244179.90225364
eth,2023-10-04,120245479.62662359
eth,2023-10-05,120246832.54675993
eth,2023-10-06,120248260.72592568
eth,2023-10-07,120249904.87217969
eth,2023-10-08,120251536.31015088
eth,2023-10-09,120252963.49734087
eth,2023-10-10,120254456.47256953
eth,2023-10-11,120255894.9810322
eth,2023-10-12,120257315.97381352
eth,2023-10-13,120258755.4787298
eth,2023-10-14,120260479.16268373
eth,2023-10-15,120262175.5055316
eth,2023-10-16,120263301.09090242
eth,2023-10-17,120264680.02111666
eth,2023-10-18,120265969.0348698
eth,2023-10-19,120267295.35844328
eth,2023-10-20,120268204.59784818
eth,2023-10-21,120269625.9823795
eth,2023-10-22,120271050.92483352
eth,2023-10-23,120271125.93776672
eth,2023-10-24,120270590.52327263
eth,2023-10-25,120270236.50127815
eth,2023-10-26,120269930.97117268
eth,2023-10-27,120270267.30032831
eth,2023-10-28,120271127.0594916
eth,2023-10-29,120271952.54909223
eth,2023-10-30,120271933.81891719
eth,2023-10-31,120271657.68795729
eth,2023-11-01,120271188.90142576
eth,2023-11-02,120270745.63044648
eth,2023-11-03,120270713.46816674
eth,2023-11-04,120271299.0725249
eth,2023-11-05,120271585.14549407
eth,2023-11-06,120270698.95340855
eth,2023-11-07,120270064.9111797
eth,2023-11-08,120269307.52707252
eth,2023-11-09,120266306.2315942
eth,2023-11-10,120264467.63265762
eth,2023-11-11,120263674.17664824
eth,2023-11-12,120263034.22647648
eth,2023-11-13,120260400.81412584
eth,2023-11-14,120258761.2297615
eth,2023-11-15,120257438.1607137
eth,2023-11-16,120256064.8832972
eth,2023-11-17,120255416.28654689
eth,2023-11-18,120255405.07870792
eth,2023-11-19,120255566.87072536
eth,2023-11-20,120253669.2043954
eth,2023-11-21,120251704.73019284
eth,2023-11-22,120249841.2396593
eth,2023-11-23,120248675.6764555
eth,2023-11-24,120247969.81626326
eth,2023-11-25,120247912.77416535
eth,2023-11-26,120247659.46475407
eth,2023-11-27,120246549.6881844
eth,2023-11-28,120244652.6193846
eth,2023-11-29,120242957.3344544
eth,2023-11-30,120240516.0772854
eth,2023-12-01,120238180.88116524
eth,2023-12-02,120236893.44903168
eth,2023-12-03,120235728.77838045
eth,2023-12-04,120233048.24464197
eth,2023-12-05,120229359.4526972
eth,2023-12-06,120225666.26297332
eth,2023-12-07,120222737.12761042
eth,2023-12-08,120220557.40682742
eth,2023-12-09,120219265.09919068
eth,2023-12-10,120218301.47494616
eth,2023-12-11,120216719.10715695
eth,2023-12-12,120214494.10489112
eth,2023-12-13,120211761.52988549
eth,2023-12-14,120209284.16427372
eth,2023-12-15,120205571.49068436
eth,2023-12-16,120202413.09197354
eth,2023-12-17,120200547.50581798
eth,2023-12-18,120196609.1476134
eth,2023-12-19,120193164.29343672
eth,2023-12-20,120189675.52123456
eth,2023-12-21,120187654.1399692
eth,2023-12-22,120186476.58671518
eth,2023-12-23,120186490.4070174
eth,2023-12-24,120186584.93736704
eth,2023-12-25,120186621.85530119
eth,2023-12-26,120187019.1689866
eth,2023-12-27,120186458.8879054
eth,2023-12-28,120185648.0275922
eth,2023-12-29,120185496.00541726
eth,2023-12-30,120185822.10856757
eth,2023-12-31,120186712.6044112
eth,2024-01-01,120187794.56052092
eth,2024-01-02,120188176.60038216
eth,2024-01-03,120186916.5211508
eth,2024-01-04,120186910.55338974
eth,2024-01-05,120187225.46978028
eth,2024-01-06,120187713.38120341
eth,2024-01-07,120186923.59549811
eth,2024-01-08,120186722.85152651
eth,2024-01-09,120186884.86456063
eth,2024-01-10,120185176.221501
eth,2024-01-11,120184143.45218608
eth,2024-01-12,120183918.47054188
eth,2024-01-13,120184498.02047396
eth,2024-01-14,120183533.56724896
eth,2024-01-15,120183525.67427324
eth,2024-01-16,120182431.12376374
eth,2024-01-17,120180981.75247972
eth,2024-01-18,120179747.17884144
eth,2024-01-19,120179026.26822267
eth,2024-01-20,120179693.24908008
eth,2024-01-21,120180640.1238726
eth,2024-01-22,120181060.64663097
eth,2024-01-23,120181806.61443816
eth,2024-01-24,120182877.79246943
eth,2024-01-25,120182674.223398
eth,2024-01-26,120182996.0889186
eth,2024-01-27,120183971.5717192
eth,2024-01-28,120185076.0221102
eth,2024-01-29,120185984.8370488
eth,2024-01-30,120185535.68951578
eth,2024-01-31,120185286.38084365
eth,2024-02-01,120184719.41906488
eth,2024-02-02,120184845.7622428
eth,2024-02-03,120185283.8217874
eth,2024-02-04,120185971.73426248
eth,2024-02-05,120186323.95091148
eth,2024-02-06,120184890.20452288
eth,2024-02-07,120183019.99616557
eth,2024-02-08,120179439.66069488
eth,2024-02-09,120174674.79206726
eth,2024-02-10,120173302.60043718
eth,2024-02-11,120172745.76005316
eth,2024-02-12,120170843.57221256
eth,2024-02-13,120170484.5859923
eth,2024-02-14,120170103.59243505
eth,2024-02-15,120168806.72922128
eth,2024-02-16,120168343.59247762
eth,2024-02-17,120168685.91423167
eth,2024-02-18,120168745.16264372
eth,2024-02-19,120167624.94466598
eth,2024-02-20,120166105.7676435
eth,2024-02-21,120164299.95825808
eth,2024-02-22,120161644.2914488
eth,2024-02-23,120159730.86911128
eth,2024-02-24,120159203.03701408
eth,2024-02-25,120158617.36255316
eth,2024-02-26,120156810.46395949
eth,2024-02-27,120154154.68711562
eth,2024-02-28,120150235.11012971
eth,2024-02-29,120145341.71242917
eth,2024-03-01,120142043.66873632
eth,2024-03-02,120139363.0231518
eth,2024-03-03,120136404.14290728
eth,2024-03-04,120130401.55628268
eth,2024-03-05,120123063.36964492
eth,2024-03-06,120117294.99185725
eth,2024-03-07,120112436.39610007
eth,2024-03-08,120108424.44405705
eth,2024-03-09,120105059.98604356
eth,2024-03-10,120101356.22604547
eth,2024-03-11,120096736.69548266
eth,2024-03-12,120092877.28436963
eth,2024-03-13,120089008.00835247
eth,2024-03-14,120085865.81549077
eth,2024-03-15,120083800.60070676
eth,2024-03-16,120082678.99565735
eth,2024-03-17,120082552.90388831
eth,2024-03-18,120081186.3183289
eth,2024-03-19,120079422.7654418
eth,2024-03-20,120078061.9838444
eth,2024-03-21,120077244.09572916
eth,2024-03-22,120077068.10582072
eth,2024-03-23,120077520.31624232
eth,2024-03-24,120077986.55509923
eth,2024-03-25,120077710.9564014
eth,2024-03-26,120076875.65423667
eth,2024-03-27,120075548.46248898
eth,2024-03-28,120074372.07952341
eth,2024-03-29,120074024.08878297
eth,2024-03-30,120074095.68516427
eth,2024-03-31,120074202.87891024
eth,2024-04-01,120073929.76233888
eth,2024-04-02,120072288.40194558
eth,2024-04-03,120071343.5214341
eth,2024-04-04,120070874.51021045
eth,2024-04-05,120071235.64427099
eth,2024-04-06,120072331.20702788
eth,2024-04-07,120073199.70723993
eth,2024-04-08,120073220.9838935
eth,2024-04-09,120072889.72385426
eth,2024-04-10,120073328.3424378
eth,2024-04-11,120073717.89095107
eth,2024-04-12,120073188.76768366
eth,2024-04-13,120071084.7372016
eth,2024-04-14,120072241.47598812
eth,2024-04-15,120073140.3577293
eth,2024-04-16,120074401.97765107
eth,2024-04-17,120075320.40165684
eth,2024-04-18,120076497.74857728
eth,2024-04-19,120077778.95054004
eth,2024-04-20,120079459.85341412
eth,2024-04-21,120081155.65518814
eth,2024-04-22,120082563.63915487
eth,2024-04-23,120083775.9773962
eth,2024-04-24,120084752.2478463
eth,2024-04-25,120086032.91464226
eth,2024-04-26,120087758.47716764
eth,2024-04-27,120089623.43921731
eth,2024-04-28,120091410.86791004
eth,2024-04-29,120092972.8148814
eth,2024-04-30,120093965.06131436
eth,2024-05-01,120095489.87910908
eth,2024-05-02,120097142.43338342
eth,2024-05-03,120098910.10919176
eth,2024-05-04,120100806.46787848
eth,2024-05-05,120102714.96597175
eth,2024-05-06,120104575.57003312
eth,2024-05-07,120106416.53566204
eth,2024-05-08,120108392.45589855
eth,2024-05-09,120110405.04159932
eth,2024-05-10,120112245.43555313
eth,2024-05-11,120114266.68889616
eth,2024-05-12,120116376.5563554
eth,2024-05-13,120118014.1159097
eth,2024-05-14,120119774.19033767
eth,2024-05-15,120121504.49340624
eth,2024-05-16,120123473.57501306
eth,2024-05-17,120125362.05351332
eth,2024-05-18,120127494.10788769
eth,2024-05-19,120129648.57129648
eth,2024-05-20,120130611.89691344
eth,2024-05-21,120131628.16054732
eth,2024-05-22,120132985.6620242
eth,2024-05-23,120134246.11523448
eth,2024-05-24,120135880.26236103
eth,2024-05-25,120137902.61970636
eth,2024-05-26,120139841.99986655
eth,2024-05-27,120140750.35135107
eth,2024-05-28,120141558.04198451
eth,2024-05-29,120142804.7546045
eth,2024-05-30,120143935.043089
eth,2024-05-31,120145232.47770359
eth,2024-06-01,120147015.0623939
eth,2024-06-02,120148646.57521226
eth,2024-06-03,120149901.66226847
eth,2024-06-04,120151420.9507085
eth,2024-06-05,120152116.16048823
eth,2024-06-06,120152658.09963012
eth,2024-06-07,120153587.15028216
eth,2024-06-08,120155357.92433351
eth,2024-06-09,120157208.80165362
eth,2024-06-10,120158711.2350502
eth,2024-06-11,120159854.55413468
eth,2024-06-12,120160693.72794634
eth,2024-06-13,120161759.20781288
eth,2024-06-14,120163273.37079205
eth,2024-06-15,120165319.80786952
eth,2024-06-16,120167465.01119612
eth,2024-06-17,120169263.66459595
eth,2024-06-18,120170818.3266728
eth,2024-06-19,120172560.5454614
eth,2024-06-20,120173820.30371708
eth,2024-06-21,120175846.61323984
eth,2024-06-22,120178108.42558359
eth,2024-06-23,120180372.9444482
eth,2024-06-24,120182318.52837124
eth,2024-06-25,120184297.83010766
eth,2024-06-26,120186263.11725508
eth,2024-06-27,120188056.14773595
eth,2024-06-28,120190158.96036296
eth,2024-06-29,120192483.00298513
eth,2024-06-30,120194743.56642345
eth,2024-07-01,120196731.91629484
eth,2024-07-02,120192695.71745852
eth,2024-07-03,120194375.94812039
eth,2024-07-04,120196109.42757893
eth,2024-07-05,120197631.98264048
eth,2024-07-06,120199938.64240108
eth,2024-07-07,120202282.0991416
eth,2024-07-08,120204435.53132851
eth,2024-07-09,120206566.11576416
eth,2024-07-10,120208453.95042932
eth,2024-07-11,120210430.44078857
eth,2024-07-12,120212646.93713202
eth,2024-07-13,120214908.83093695
eth,2024-07-14,120217154.71356297
eth,2024-07-15,120218809.17806461
eth,2024-07-16,120220458.03172217
eth,2024-07-17,120221990.40460168
eth,2024-07-18,120223456.52946608
eth,2024-07-19,120225306.37121946
eth,2024-07-20,120227485.0033392
eth,2024-07-21,120229445.04260536
eth,2024-07-22,120231408.97529016
eth,2024-07-23,120233475.156869
eth,2024-07-24,120235594.70013551
eth,2024-07-25,120237715.3379378
eth,2024-07-26,120240024.59425773
eth,2024-07-27,120242189.81154265
eth,2024-07-28,120244598.82248916
eth,2024-07-29,120246922.9606335
eth,2024-07-30,120248763.18169512
eth,2024-07-31,120250576.92406328
eth,2024-08-01,120252316.09873044
eth,2024-08-02,120254404.98681527
eth,2024-08-03,120256765.65970248
eth,2024-08-04,120258843.0609774
eth,2024-08-05,120256204.21182711
eth,2024-08-06,120258361.1387739
eth,2024-08-07,120260462.70961843
eth,2024-08-08,120262434.98649408
eth,2024-08-09,120264643.58281095
eth,2024-08-10,120267095.89536506
eth,2024-08-11,120269531.03675522
eth,2024-08-12,120271673.20647858
eth,2024-08-13,120274019.01629688
eth,2024-08-14,120276280.20254624
eth,2024-08-15,120278422.14539264
eth,2024-08-16,120280820.4795906
eth,2024-08-17,120283281.00254996
eth,2024-08-18,120285548.86478475
eth,2024-08-19,120288159.37188125
eth,2024-08-20,120290575.57593532
eth,2024-08-21,120292901.13490675
eth,2024-08-22,120295347.79532269
eth,2024-08-23,120297748.5048727
eth,2024-08-24,120300215.98069574
eth,2024-08-25,120302704.11976022
eth,2024-08-26,120305077.06730717
eth,2024-08-27,120307467.89562084
eth,2024-08-28,120309874.70571132
eth,2024-08-29,120312261.6603805
eth,2024-08-30,120314685.7220954
eth,2024-08-31,120317181.74561676
eth,2024-09-01,120319688.66187467
eth,2024-09-02,120321858.0502387
eth,2024-09-03,120324262.4206676
eth,2024-09-04,120326458.34530675
eth,2024-09-05,120328617.59902713
eth,2024-09-06,120330441.94512194
eth,2024-09-07,120332865.9893199
eth,2024-09-08,120335341.42653696
eth,2024-09-09,120337467.59279238
eth,2024-09-10,120339497.18760803
eth,2024-09-11,120341799.15987872
eth,2024-09-12,120344001.39291663
eth,2024-09-13,120346273.5031107
eth,2024-09-14,120348694.06185442
eth,2024-09-15,120351106.7254914
eth,2024-09-16,120352968.7968857
eth,2024-09-17,120354668.13753565
eth,2024-09-18,120356387.81684364
eth,2024-09-19,120357325.0150498
eth,2024-09-20,120358285.16828416
eth,2024-09-21,120359534.0849514
eth,2024-09-22,120361032.87119134
eth,2024-09-23,120361927.80923127
eth,2024-09-24,120361633.63438164
eth,2024-09-25,120361955.49697687
eth,2024-09-26,120362484.89365174
eth,2024-09-27,120363565.49709028
eth,2024-09-28,120365413.76553988
eth,2024-09-29,120367243.0208012
eth,2024-09-30,120368680.87176628
eth,2024-10-01,120369350.4851328
eth,2024-10-02,120370779.18715157
eth,2024-10-03,120372583.16456002
eth,2024-10-04,120374548.84079918
eth,2024-10-05,120376085.9662936
eth,2024-10-06,120378389.06531118
eth,2024-10-07,120378752.16686033
eth,2024-10-08,120379288.43314905
eth,2024-10-09,120379570.58270039
eth,2024-10-10,120380825.5154286
eth,2024-10-11,120381439.02549624
eth,2024-10-12,120382696.43474296
eth,2024-10-13,120384135.4554124
eth,2024-10-14,120384647.04213367
eth,2024-10-15,120385465.00576065
eth,2024-10-16,120386639.96816242
eth,2024-10-17,120387195.09478489
eth,2024-10-18,120387348.38042532
eth,2024-10-19,120388722.11004232
eth,2024-10-20,120390390.98797455
eth,2024-10-21,120392120.1797142
eth,2024-10-22,120393679.68864812
eth,2024-10-23,120395018.55454937
eth,2024-10-24,120396634.52083628
eth,2024-10-25,120398452.99295984
eth,2024-10-26,120400440.77512746
eth,2024-10-27,120402548.42254253
eth,2024-10-28,120404113.40150207
eth,2024-10-29,120405482.78793202
eth,2024-10-30,120406750.88121746
eth,2024-10-31,120408324.36674713
eth,2024-11-01,120410063.076677
eth,2024-11-02,120412122.20811456
eth,2024-11-03,120414245.5468228
eth,2024-11-04,120416263.13456815
eth,2024-11-05,120418154.30971672
eth,2024-11-06,120418534.30539498
eth,2024-11-07,120419370.4107284
eth,2024-11-08,120420552.799844
eth,2024-11-09,120422178.35273825
eth,2024-11-10,120422996.06090704
eth,2024-11-11,120422932.6353016
eth,2024-11-12,120422452.03589022
eth,2024-11-13,120420309.83984
eth,2024-11-14,120419734.2020102
eth,2024-11-15,120420324.889186
eth,2024-11-16,120421567.67038193
eth,2024-11-17,120423097.15991545
eth,2024-11-18,120424261.1223717
eth,2024-11-19,120425326.21967249
eth,2024-11-20,120426591.81232736
eth,2024-11-21,120427469.0197379
eth,2024-11-22,120428751.50774144
eth,2024-11-23,120429965.68486512
eth,2024-11-24,120431589.42724468
eth,2024-11-25,120432778.7480857
eth,2024-11-26,120434198.2295404
eth,2024-11-27,120435269.35479644
eth,2024-11-28,120437216.37724812
eth,2024-11-29,120438249.01850235
eth,2024-11-30,120439798.57963376
eth,2024-12-01,120440957.99914125
eth,2024-12-02,120440774.45205536
eth,2024-12-03,120440632.7447256
eth,2024-12-04,120440500.34799162
eth,2024-12-05,120440644.32352014
eth,2024-12-06,120440977.28825957
eth,2024-12-07,120442164.68907528
eth,2024-12-08,120443691.35151644
eth,2024-12-09,120443414.30447409
eth,2024-12-10,120443294.15040572
eth,2024-12-11,120443871.42646976
eth,2024-12-12,120444063.65229665
eth,2024-12-13,120445329.11515708
eth,2024-12-14,120446938.64220244
eth,2024-12-15,120448636.47643349
eth,2024-12-16,120449492.89840412
eth,2024-12-17,120450333.10780716
eth,2024-12-18,120451023.34068386
eth,2024-12-19,120451281.23651756
eth,2024-12-20,120451666.96297848
eth,2024-12-21,120453371.02291615
eth,2024-12-22,120455291.69494484
eth,2024-12-23,120456322.79223712
eth,2024-12-24,120458406.0069872
eth,2024-12-25,120460666.04795544
eth,2024-12-26,120462524.06381053
eth,2024-12-27,120464437.99169213
eth,2024-12-28,120466500.78824767
eth,2024-12-29,120468611.26912639
eth,2024-12-30,120470453.75173613
eth,2024-12-31,120471971.12042284
eth,2025-01-01,120472799.97846404
eth,2025-01-02,120473080.3227342
eth,2025-01-03,120474450.34410584
eth,2025-01-04,120476103.69303292
eth,2025-01-05,120477921.26948977
eth,2025-01-06,120479025.02479345
eth,2025-01-07,120480510.22981992
eth,2025-01-08,120482148.36661248
eth,2025-01-09,120483927.73446368
eth,2025-01-10,120485857.4479826
eth,2025-01-11,120488100.98382568
eth,2025-01-12,120490433.90908387
eth,2025-01-13,120492208.600831
eth,2025-01-14,120494151.12401596
eth,2025-01-15,120495855.24622336
eth,2025-01-16,120497402.07239628
eth,2025-01-17,120499366.50453216
eth,2025-01-18,120500385.68948154
eth,2025-01-19,120498706.52280994
eth,2025-01-20,120497522.22528172
eth,2025-01-21,120498618.12748504
eth,2025-01-22,120500199.3087038
eth,2025-01-23,120501648.44529104
eth,2025-01-24,120503140.3664166
eth,2025-01-25,120505120.49421264
eth,2025-01-26,120507082.84174351
eth,2025-01-27,120508764.79436108
eth,2025-01-28,120510757.86089993
eth,2025-01-29,120512984.57252742
eth,2025-01-30,120515238.7342434
eth,2025-01-31,120517363.55685116
eth,2025-02-01,120519678.80221036
eth,2025-02-02,120521454.2369568
eth,2025-02-03,120520634.02442972
eth,2025-02-04,120522867.18678369
eth,2025-02-05,120525231.43870188
eth,2025-02-06,120527578.94048104
eth,2025-02-07,120529970.74757595
eth,2025-02-08,120532416.48821798
eth,2025-02-09,120534867.31338371
eth,2025-02-10,120540707.5995262
eth,2025-02-11,120539673.6167322
eth,2025-02-12,120542004.9888454
eth,2025-02-13,120544373.14962448
eth,2025-02-14,120546782.56681585
eth,2025-02-15,120549235.54754192
eth,2025-02-16,120551704.61690933
eth,2025-02-17,120553238.30287088
eth,2025-02-18,120555641.39738213
eth,2025-02-19,120558106.35642856
eth,2025-02-20,120560550.11571346
eth,2025-02-21,120562831.08748792
eth,2025-02-22,120565287.77811553
eth,2025-02-23,120567755.20454064
eth,2025-02-24,120570150.05309434
eth,2025-02-25,120572326.80566896
eth,2025-02-26,120574685.9238989
eth,2025-02-27,120577122.54721928
eth,2025-02-28,120579496.2759254
eth,2025-03-01,120581973.27046612
eth,2025-03-02,120584050.02614276
eth,2025-03-03,120586426.25109872
eth,2025-03-04,120588779.25961062
eth,2025-03-05,120591247.13405567
eth,2025-03-06,120593702.21317272
eth,2025-03-07,120596143.50325412
eth,2025-03-08,120598622.78484245
eth,2025-03-09,120601080.25310102
eth,2025-03-10,120603133.54286738
eth,2025-03-11,120605485.62215264
eth,2025-03-12,120607952.02772342
eth,2025-03-13,120610426.59853484
eth,2025-03-14,120612914.0690371
eth,2025-03-15,120615421.10981368
eth,2025-03-16,120617930.83202688
eth,2025-03-17,120620428.01298717
eth,2025-03-18,120622930.86964692
eth,2025-03-19,120625423.3039636
eth,2025-03-20,120627929.16094708
eth,2025-03-21,120630463.61331692
eth,2025-03-22,120632997.22322668
eth,2025-03-23,120635534.89776178
eth,2025-03-24,120638039.32146797
eth,2025-03-25,120640560.85577103
eth,2025-03-26,120643081.8083084
eth,2025-03-27,120645602.10515895
eth,2025-03-28,120648118.08828488
eth,2025-03-29,120650655.32356945
eth,2025-03-30,120653202.08650967
eth,2025-03-31,120655715.73603325
eth,2025-04-01,120658192.1488243
eth,2025-04-02,120660683.56315398
eth,2025-04-03,120663678.45016828
eth,2025-04-04,120665704.88015136
eth,2025-04-05,120668244.13557538
eth,2025-04-06,120670476.72520179
eth,2025-04-07,120672295.596187
eth,2025-04-08,120674770.59633912
eth,2025-04-09,120676954.65445428
eth,2025-04-10,120679205.2448576
eth,2025-04-11,120681691.19817616
eth,2025-04-12,120684199.89435096
eth,2025-04-13,120686742.52764376
eth,2025-04-14,120689088.53068872
eth,2025-04-15,120691651.62616111
eth,2025-04-16,120694172.0630528
eth,2025-04-17,120696640.1411239
eth,2025-04-18,120699161.24582772
eth,2025-04-19,120701711.5316832
eth,2025-04-20,120704260.26466112
eth,2025-04-21,120706786.53591076
eth,2025-04-22,120709063.38382705
eth,2025-04-23,120711391.44531351
eth,2025-04-24,120713684.2487598
eth,2025-04-25,120716094.33442712
eth,2025-04-26,120718618.84633993
eth,2025-04-27,120721163.67816424
eth,2025-04-28,120723415.55938476
eth,2025-04-29,120726190.53830609
eth,2025-04-30,120728679.13482988
eth,2025-05-01,120731126.06195678
eth,2025-05-02,120733641.03677388
eth,2025-05-03,120736190.72938713
eth,2025-05-04,120738733.58340156
eth,2025-05-05,120741273.27874924
eth,2025-05-06,120744272.01042145
eth,2025-05-07,120746051.96632718
eth,2025-05-08,120747646.25083143
eth,2025-05-09,120749574.15149012
eth,2025-05-10,120751686.61629428
eth,2025-05-11,120753792.07125542
eth,2025-05-12,120755704.47573112
eth,2025-05-13,120757753.3878032
eth,2025-05-14,120760023.00476852
eth,2025-05-15,120762240.12580965
eth,2025-05-16,120764578.50256838
eth,2025-05-17,120767064.39728984
eth,2025-05-18,120769545.2641062
eth,2025-05-19,120771972.84656192
eth,2025-05-20,120774367.07010072
eth,2025-05-21,120776637.70996489
eth,2025-05-22,120778767.26447941
eth,2025-05-23,120781065.46154507
eth,2025-05-24,120783574.9699018
eth,2025-05-25,120786093.92782608
eth,2025-05-26,120788550.818034
eth,2025-05-27,120790661.62152252
eth,2025-05-28,120792796.61855604
eth,2025-05-29,120794991.65556614
eth,2025-05-30,120797171.18507892
eth,2025-05-31,120799615.54594857
eth,2025-06-01,120802067.8249656
eth,2025-06-02,120804323.58346298
eth,2025-06-03,120806533.03661774
eth,2025-06-04,120808773.29416811
eth,2025-06-05,120810830.43544532
eth,2025-06-06,120813192.6039808
eth,2025-06-07,120815698.84933032
eth,2025-06-08,120818229.90943956
eth,2025-06-09,120820536.37833603
eth,2025-06-10,120822700.52278472
eth,2025-06-11,120824952.90115444
eth,2025-06-12,120827220.82169616
eth,2025-06-13,120829571.82160164
eth,2025-06-14,120832125.58021958
eth,2025-06-15,120834677.16593827
eth,2025-06-16,120837092.16384
eth,2025-06-17,120839499.96492372
eth,2025-06-18,120842358.087771
eth,2025-06-19,120844463.45118897
eth,2025-06-20,120846933.62193048
eth,2025-06-21,120849479.40335757
eth,2025-06-22,120851841.4288622
eth,2025-06-23,120853960.39388496
eth,2025-06-24,120856099.05513768
eth,2025-06-25,120858257.3925386
eth,2025-06-26,120860683.27464372
eth,2025-06-27,120863196.30549677
eth,2025-06-28,120865770.5541819
eth,2025-06-29,120868355.12348692
eth,2025-06-30,120870773.40676785
eth,2025-07-01,120873255.73938955
eth,2025-07-02,120875737.72358604
eth,2025-07-03,120878262.18182816
eth,2025-07-04,120880811.64547943
eth,2025-07-05,120883425.18513419
eth,2025-07-06,120886036.72125068
eth,2025-07-07,120888500.36712116
eth,2025-07-08,120891022.71126352
eth,2025-07-09,120893365.54129504
eth,2025-07-10,120895538.93195207
eth,2025-07-11,120897680.28498717
eth,2025-07-12,120900234.03778592
eth,2025-07-13,120902782.79289988
eth,2025-07-14,120904986.69027565
eth,2025-07-15,120907332.38807996
eth,2025-07-16,120909352.88440056
eth,2025-07-17,120911129.8760568
eth,2025-07-18,120913248.19361869
eth,2025-07-19,120915789.52418476
eth,2025-07-20,120918241.65279949
eth,2025-07-21,120920642.93841304
eth,2025-07-22,120923119.75151812
eth,2025-07-23,120925621.54669972
eth,2025-07-24,120928156.61662544
eth,2025-07-25,120930738.46239862
eth,2025-07-26,120933352.76355653
eth,2025-07-27,120935965.7284522
eth,2025-07-28,120938534.46630588
eth,2025-07-29,120940948.53583604
eth,2025-07-30,120943243.73882414
eth,2025-07-31,120945518.2906052
eth,2025-08-01,120948064.28918748
eth,2025-08-02,120950674.43064964
eth,2025-08-03,120953292.38980567
eth,2025-08-04,120955891.3639526
eth,2025-08-05,120958210.92259537
eth,2025-08-06,120960997.85482188
eth,2025-08-07,120963576.00091247
eth,2025-08-08,120966115.52454032
eth,2025-08-09,120968683.9977654
eth,2025-08-10,120971278.76308596
eth,2025-08-11,120973815.78343852
eth,2025-08-12,120976264.18266
eth,2025-08-13,120978653.11269052
eth,2025-08-14,120981020.31690273
eth,2025-08-15,120983548.10962294
eth,2025-08-16,120986162.84359124
eth,2025-08-17,120988775.7118364
eth,2025-08-18,120991371.58585334
eth,2025-08-19,120993771.46378292
eth,2025-08-20,120996529.6796234
eth,2025-08-21,120999131.0417954
eth,2025-08-22,121001496.21660689
eth,2025-08-23,121004096.89521742
eth,2025-08-24,121006691.89045924
eth,2025-08-25,121009263.41
eth,2025-08-26,121011840.32240692
eth,2025-08-27,121014374.0771618
eth,2025-08-28,121016947.223293
eth,2025-08-29,121019430.40910216
eth,2025-08-30,121022061.96688204
eth,2025-08-31,121024695.23925725
eth,2025-09-01,121026272.6296814
eth,2025-09-02,121028853.60986193
eth,2025-09-03,121031433.15797839
eth,2025-09-04,121034005.21342412
eth,2025-09-05,121036597.44977356
eth,2025-09-06,121039219.2583731
eth,2025-09-07,121041854.61942165
eth,2025-09-08,121044437.19191673
eth,2025-09-09,121047026.50314783
eth,2025-09-10,121049536.27447028
eth,2025-09-11,121052139.9645944
eth,2025-09-12,121054602.6997017
eth,2025-09-13,121057358.05248836
eth,2025-09-14,121059997.60250618
eth,2025-09-15,121062451.11055256
eth,2025-09-16,121065008.496668
eth,2025-09-17,121067599.52765888
eth,2025-09-18,121069543.607185
eth,2025-09-19,121072582.08969368
eth,2025-09-20,121075198.74119748
eth,2025-09-21,121077832.07248794
eth,2025-09-22,121080411.80582722
eth,2025-09-23,121083022.76890077
eth,2025-09-24,121085637.89814596
eth,2025-09-25,121088039.77305916
eth,2025-09-26,121090654.78035308
eth,2025-09-27,121093277.5863372
eth,2025-09-28,121095887.22487442
eth,2025-09-29,121098070.1017918
eth,2025-09-30,121100636.24063043
eth,2025-10-01,121103210.83907431
eth,2025-10-02,121105776.70154372
eth,2025-10-03,121108365.99510884
eth,2025-10-04,121110998.3403784
eth,2025-10-05,121113633.9925025
eth,2025-10-06,121116162.3634914
eth,2025-10-07,121118712.62008744
eth,2025-10-08,121121226.50696523
eth,2025-10-09,121123915.53757252
eth,2025-10-10,121124027.16137844
eth,2025-10-11,121126349.23653992
eth,2025-10-12,121128924.50507288
eth,2025-10-13,121131512.459531
eth,2025-10-14,121134077.71442048
eth,2025-10-15,121136648.937562
eth,2025-10-16,121139202.17047396
eth,2025-10-17,121141649.23904768
eth,2025-10-18,121144280.09134232
eth,2025-10-19,121146904.03324328
eth,2025-10-20,121149530.93444902
eth,2025-10-21,121152129.08976065
eth,2025-10-22,121154742.25687328
eth,2025-10-23,121157351.90759312
eth,2025-10-24,121159971.25456336
eth,2025-10-25,121162620.10904191
eth,2025-10-26,121165267.30380918
eth,2025-10-27,121167826.55561762
eth,2025-10-28,121170442.87059496
eth,2025-10-29,121173039.39385764
eth,2025-10-30,121175610.67543456
eth,2025-10-31,121178231.58390103
eth,2025-11-01,121180878.04855688
eth,2025-11-02,121183524.59357733
eth,2025-11-03,121186017.17153987
eth,2025-11-04,121188242.3806919
eth,2025-11-05,121190797.91062942
eth,2025-11-06,121193112.32155094
eth,2025-11-07,121195594.97610828
eth,2025-11-08,121198227.31109014
eth,2025-11-09,121200875.93298803
eth,2025-11-10,121203479.0070494
eth,2025-11-11,121206094.6193404
eth,2025-11-12,121208716.77033098
eth,2025-11-13,121211277.35806212
eth,2025-11-14,121213835.90385889
eth,2025-11-15,121216478.8014831
eth,2025-11-16,121219116.05962875
eth,2025-11-17,121221686.47195332
eth,2025-11-18,121224280.75805964
eth,2025-11-19,121226851.46491396
eth,2025-11-20,121229377.72927976
eth,2025-11-21,121231845.25787108
eth,2025-11-22,121234485.12185226
eth,2025-11-23,121237132.86129676
eth,2025-11-24,121239754.57501309
eth,2025-11-25,121242372.393787
eth,2025-11-26,121245013.39258865
eth,2025-11-27,121247660.71233384
eth,2025-11-28,121250304.38926086
eth,2025-11-29,121252953.20618743
eth,2025-11-30,121255609.59879744
eth,2025-12-01,121258230.9118204
eth,2025-12-02,121260872.8408035
eth,2025-12-03,121263025.07248074
eth,2025-12-04,121265800.55921505
eth,2025-12-05,121268364.09154364
eth,2025-12-06,121270987.10829262
eth,2025-12-07,121273549.70404036
eth,2025-12-08,121276121.668427
eth,2025-12-09,121278703.97861493
eth,2025-12-10,121281288.8574262
eth,2025-12-11,121283902.25740674
eth,2025-12-12,121286513.0465312
eth,2025-12-13,121289162.87799844
eth,2025-12-14,121291825.582806
eth,2025-12-15,121294468.9865132
eth,2025-12-16,121297128.53321563
eth,2025-12-17,121299782.67490213
eth,2025-12-18,121302432.13706297
eth,2025-12-19,121305071.0004844
eth,2025-12-20,121307738.7609174
eth,2025-12-21,121310407.67823955
eth,2025-12-22,121313069.59455138
eth,2025-12-23,121315727.05772696
eth,2025-12-24,121318391.23364888
eth,2025-12-25,121321054.47640832
eth,2025-12-26,121323715.84444547
eth,2025-12-27,121326380.66077697
eth,2025-12-28,121329051.73767248
eth,2025-12-29,121331712.08604448
eth,2025-12-30,121334368.40735304
eth,2025-12-31,121337037.1105519
eth,2026-01-01,121339709.88626777
eth,2026-01-02,121342373.46430212
eth,2026-01-03,121345032.48509288
eth,2026-01-04,121347700.91533867
eth,2026-01-05,121350358.77321836
eth,2026-01-06,121352992.32590902
eth,2026-01-07,121355653.82199736
eth,2026-01-08,121358314.24023505
eth,2026-01-09,121360985.49843946
eth,2026-01-10,121363646.5454634
eth,2026-01-11,121366319.52408856
eth,2026-01-12,121368967.8935782
eth,2026-01-13,121371616.27927488
eth,2026-01-14,121374275.07867312
eth,2026-01-15,121376933.77907516
eth,2026-01-16,121379619.43117312
eth,2026-01-17,121382302.98091254
eth,2026-01-18,121384996.70390601
eth,2026-01-19,121387678.55776487
eth,2026-01-20,121390348.9915333
eth,2026-01-21,121392997.16085692
eth,2026-01-22,121395670.41973516
eth,2026-01-23,121398338.606267
eth,2026-01-24,121401029.39979492
eth,2026-01-25,121403720.4655604
eth,2026-01-26,121406407.4189585
eth,2026-01-27,121409095.47006164
eth,2026-01-28,121411781.29496957
eth,2026-01-29,121414395.28829987
eth,2026-01-30,121417005.36995284
eth,2026-01-31,121419383.80888852
eth,2026-02-01,121422033.96525268
eth,2026-02-02,121424651.19083732
eth,2026-02-03,121427287.84140845
eth,2026-02-04,121429925.10571544
eth,2026-02-05,121432039.00232728
eth,2026-02-06,121434488.21394004
eth,2026-02-07,121437172.12242576
eth,2026-02-08,121439815.0589148
eth,2026-02-09,121442496.4648655
eth,2026-02-10,121445190.34107752
eth,2026-02-11,121447874.7905224
eth,2026-02-12,121450541.06485528
eth,2026-02-13,121453241.44026372
eth,2026-02-14,121455953.3073824
eth,2026-02-15,121458673.2451228
eth,2026-02-16,121461386.7521568
eth,2026-02-17,121464095.36877076
eth,2026-02-18,121466801.28142156
eth,2026-02-19,121469508.10538492
eth,2026-02-20,121472224.28803268
eth,2026-02-21,121474954.92711224
eth,2026-02-22,121477684.02893364
eth,2026-02-23,121480401.46758664
eth,2026-02-24,121483114.9064334
eth,2026-02-25,121485821.46359116
eth,2026-02-26,121488530.67543992
eth,2026-02-27,121491249.04395612
eth,2026-02-28,121493959.41213264
eth,2026-03-01,121496686.2500282
eth,2026-03-02,121499391.39708053
eth,2026-03-03,121502090.18868008
eth,2026-03-04,121504786.0987072
eth,2026-03-05,121507500.20359874
eth,2026-03-06,121510198.729297
eth,2026-03-07,121512914.31014356
eth,2026-03-08,121515640.20302768
eth,2026-03-09,121518350.06705187
eth,2026-03-10,121521068.36646423
